consent_id,audience_id,consent_status,PII_flag,privacy_signal_timestamp,last_updated
CONS_000001,AUD_000001,Opt-in,True,2023-10-12 13:23:16,2025-08-10 18:59:43
CONS_000002,AUD_000002,Opt-in,True,2023-12-16 11:25:01,2025-08-22 23:30:12
CONS_000003,AUD_000003,Pending,False,2024-01-29 19:16:13,2025-09-03 09:53:32
CONS_000004,AUD_000004,Opt-out,False,2025-06-16 03:21:05,2025-08-23 05:38:56
CONS_000005,AUD_000005,Opt-out,True,2024-10-29 04:54:21,2025-09-09 03:22:46
CONS_000006,AUD_000006,Opt-in,False,2024-02-11 04:15:53,2025-09-09 03:48:42
CONS_000007,AUD_000007,Opt-in,True,2024-01-07 16:53:26,2025-08-11 13:14:40
CONS_000008,AUD_000008,Opt-out,True,2025-02-22 07:28:53,2025-09-03 00:55:17
CONS_000009,AUD_000009,Opt-in,False,2024-02-17 08:48:27,2025-09-06 21:10:09
CONS_000010,AUD_000010,Opt-in,True,2024-01-09 07:39:13,2025-08-30 14:33:11
CONS_000011,AUD_000011,Expired,True,2023-12-02 19:42:19,2025-08-30 12:15:11
CONS_000012,AUD_000012,Opt-in,False,2025-04-24 23:04:39,2025-08-20 17:02:36
CONS_000013,AUD_000013,Opt-in,False,2025-02-22 19:27:51,2025-08-21 14:11:47
CONS_000014,AUD_000014,Pending,True,2024-08-17 17:51:41,2025-09-08 02:58:11
CONS_000015,AUD_000015,Opt-in,True,2024-11-04 16:04:26,2025-08-26 20:46:44
CONS_000016,AUD_000016,Opt-in,False,2025-06-29 09:30:10,2025-09-01 16:35:34
CONS_000017,AUD_000017,Opt-in,False,2024-12-14 10:34:56,2025-08-20 05:22:35
CONS_000018,AUD_000018,Opt-in,True,2024-01-02 00:21:19,2025-08-30 21:16:55
CONS_000019,AUD_000019,Opt-out,False,2025-02-14 12:28:32,2025-08-26 00:42:27
CONS_000020,AUD_000020,Opt-in,True,2024-04-01 01:43:58,2025-08-28 05:50:42
CONS_000021,AUD_000021,Opt-in,True,2025-06-25 22:31:54,2025-08-17 05:08:09
CONS_000022,AUD_000022,Opt-in,False,2023-09-26 15:39:29,2025-08-24 22:19:04
CONS_000023,AUD_000023,Opt-in,False,2024-05-06 23:31:27,2025-08-25 16:38:02
CONS_000024,AUD_000024,Opt-in,False,2024-09-08 14:33:06,2025-09-01 03:45:07
CONS_000025,AUD_000025,Opt-out,True,2024-07-01 20:46:33,2025-09-07 23:47:06
CONS_000026,AUD_000026,Opt-in,False,2024-04-16 16:16:23,2025-09-05 07:43:24
CONS_000027,AUD_000027,Opt-in,False,2023-11-27 04:05:48,2025-08-14 20:48:45
CONS_000028,AUD_000028,Opt-out,True,2024-02-20 16:11:11,2025-09-02 22:22:32
CONS_000029,AUD_000029,Opt-in,True,2025-06-14 08:56:43,2025-08-17 21:21:50
CONS_000030,AUD_000030,Opt-out,False,2025-07-02 04:55:58,2025-09-07 05:01:47
CONS_000031,AUD_000031,Pending,False,2025-01-31 12:24:02,2025-08-25 14:28:48
CONS_000032,AUD_000032,Pending,False,2024-07-07 15:48:49,2025-08-22 10:09:55
CONS_000033,AUD_000033,Pending,True,2024-10-28 00:37:46,2025-08-19 09:36:49
CONS_000034,AUD_000034,Opt-out,True,2024-03-05 10:46:15,2025-08-29 02:52:28
CONS_000035,AUD_000035,Opt-in,True,2025-08-02 19:50:45,2025-08-30 07:32:53
CONS_000036,AUD_000036,Expired,False,2025-03-29 03:40:40,2025-09-07 05:04:56
CONS_000037,AUD_000037,Opt-in,True,2023-10-21 23:12:50,2025-08-22 14:32:18
CONS_000038,AUD_000038,Opt-out,False,2024-07-21 21:51:03,2025-08-22 20:30:47
CONS_000039,AUD_000039,Expired,True,2025-08-24 15:06:56,2025-08-20 10:35:54
CONS_000040,AUD_000040,Opt-in,False,2024-06-06 19:19:55,2025-08-19 16:02:17
CONS_000041,AUD_000041,Opt-in,False,2024-08-30 14:06:09,2025-09-09 08:41:15
CONS_000042,AUD_000042,Pending,False,2025-07-18 17:57:03,2025-08-22 07:38:27
CONS_000043,AUD_000043,Opt-in,False,2024-02-13 16:03:11,2025-08-23 07:56:55
CONS_000044,AUD_000044,Opt-in,False,2024-02-29 01:25:23,2025-08-17 17:24:09
CONS_000045,AUD_000045,Opt-in,True,2025-04-19 17:37:47,2025-08-20 12:16:22
CONS_000046,AUD_000046,Opt-in,True,2024-11-19 22:55:12,2025-08-28 05:33:14
CONS_000047,AUD_000047,Opt-out,False,2025-05-25 06:18:43,2025-08-13 10:44:52
CONS_000048,AUD_000048,Opt-out,True,2023-11-09 12:20:54,2025-09-01 13:13:21
CONS_000049,AUD_000049,Opt-in,False,2023-12-28 23:04:58,2025-08-23 06:49:24
CONS_000050,AUD_000050,Opt-in,True,2025-06-25 22:22:38,2025-09-07 11:01:20
CONS_000051,AUD_000051,Expired,False,2025-04-11 17:57:31,2025-08-31 08:23:20
CONS_000052,AUD_000052,Opt-out,True,2023-12-30 07:20:41,2025-08-11 23:15:01
CONS_000053,AUD_000053,Opt-in,False,2024-08-19 09:50:21,2025-08-11 09:48:20
CONS_000054,AUD_000054,Opt-in,True,2024-04-10 04:00:15,2025-09-04 17:39:00
CONS_000055,AUD_000055,Opt-out,True,2025-01-17 21:47:33,2025-09-06 23:17:34
CONS_000056,AUD_000056,Opt-in,False,2025-02-02 09:59:56,2025-08-30 09:50:04
CONS_000057,AUD_000057,Opt-in,False,2023-11-13 07:37:35,2025-08-15 09:13:56
CONS_000058,AUD_000058,Opt-in,False,2024-04-23 13:23:50,2025-08-13 10:15:07
CONS_000059,AUD_000059,Opt-in,False,2025-09-06 17:43:15,2025-08-12 21:33:42
CONS_000060,AUD_000060,Opt-in,True,2023-10-09 06:33:11,2025-08-10 10:25:34
CONS_000061,AUD_000061,Opt-in,True,2025-07-14 21:22:06,2025-09-03 02:44:36
CONS_000062,AUD_000062,Pending,True,2025-06-26 06:41:46,2025-09-04 03:41:24
CONS_000063,AUD_000063,Opt-in,True,2024-09-02 09:22:53,2025-08-18 10:45:02
CONS_000064,AUD_000064,Opt-in,False,2024-04-10 04:05:56,2025-09-04 12:48:16
CONS_000065,AUD_000065,Opt-in,True,2023-11-01 18:09:51,2025-08-28 19:26:36
CONS_000066,AUD_000066,Opt-out,True,2023-12-20 14:49:30,2025-08-24 07:09:18
CONS_000067,AUD_000067,Opt-out,False,2025-05-24 16:14:27,2025-08-15 03:35:47
CONS_000068,AUD_000068,Opt-in,True,2025-03-29 23:06:34,2025-08-25 20:59:40
CONS_000069,AUD_000069,Opt-out,True,2024-09-06 19:28:21,2025-08-17 03:24:10
CONS_000070,AUD_000070,Opt-in,False,2024-04-04 12:38:40,2025-08-22 05:30:57
CONS_000071,AUD_000071,Expired,True,2024-05-14 15:33:14,2025-08-15 07:29:36
CONS_000072,AUD_000072,Opt-in,True,2024-08-20 11:16:53,2025-08-24 00:04:43
CONS_000073,AUD_000073,Opt-in,True,2025-08-05 04:08:13,2025-08-19 14:52:47
CONS_000074,AUD_000074,Opt-in,False,2024-12-30 11:24:26,2025-09-03 20:48:43
CONS_000075,AUD_000075,Opt-in,True,2024-07-11 13:06:00,2025-09-07 08:13:50
CONS_000076,AUD_000076,Opt-in,True,2025-04-12 05:39:51,2025-09-04 20:12:04
CONS_000077,AUD_000077,Opt-in,True,2025-01-08 19:04:00,2025-08-16 17:52:00
CONS_000078,AUD_000078,Opt-in,False,2024-08-12 04:01:00,2025-08-31 12:36:06
CONS_000079,AUD_000079,Opt-in,True,2023-10-07 06:58:03,2025-08-12 04:34:17
CONS_000080,AUD_000080,Opt-in,True,2025-06-10 06:45:14,2025-08-14 20:36:08
CONS_000081,AUD_000081,Opt-in,True,2025-09-08 03:11:14,2025-08-14 05:04:18
CONS_000082,AUD_000082,Pending,True,2025-02-19 01:11:54,2025-08-18 21:39:17
CONS_000083,AUD_000083,Opt-out,True,2024-05-10 07:40:15,2025-08-20 00:38:13
CONS_000084,AUD_000084,Opt-in,False,2024-03-03 02:00:13,2025-08-24 21:01:20
CONS_000085,AUD_000085,Opt-in,True,2024-07-05 15:22:48,2025-09-07 07:46:53
CONS_000086,AUD_000086,Expired,True,2025-01-10 06:21:06,2025-08-30 13:51:14
CONS_000087,AUD_000087,Opt-in,False,2025-02-23 21:01:06,2025-08-19 12:06:21
CONS_000088,AUD_000088,Opt-out,True,2025-02-09 01:53:36,2025-09-06 07:05:50
CONS_000089,AUD_000089,Opt-in,False,2025-01-01 10:34:31,2025-08-21 08:30:12
CONS_000090,AUD_000090,Opt-in,False,2024-06-21 16:59:18,2025-08-20 18:44:03
CONS_000091,AUD_000091,Opt-in,False,2023-10-16 03:12:51,2025-09-04 15:52:48
CONS_000092,AUD_000092,Opt-in,False,2025-04-19 01:49:28,2025-08-22 02:45:19
CONS_000093,AUD_000093,Opt-in,False,2025-04-25 13:36:08,2025-08-24 07:59:44
CONS_000094,AUD_000094,Expired,True,2025-08-16 00:16:23,2025-09-02 22:33:16
CONS_000095,AUD_000095,Opt-out,False,2025-06-01 02:34:34,2025-08-23 21:59:36
CONS_000096,AUD_000096,Opt-in,True,2025-04-27 22:45:33,2025-09-01 18:52:31
CONS_000097,AUD_000097,Opt-in,False,2025-02-07 19:38:59,2025-08-30 04:19:27
CONS_000098,AUD_000098,Opt-in,False,2025-08-09 19:34:24,2025-09-01 23:21:46
CONS_000099,AUD_000099,Opt-in,False,2025-06-05 03:58:41,2025-08-15 22:43:31
CONS_000100,AUD_000100,Opt-in,False,2025-06-05 22:12:14,2025-08-15 08:28:54
CONS_000101,AUD_000101,Opt-in,True,2024-03-11 08:47:29,2025-08-13 05:23:18
CONS_000102,AUD_000102,Opt-in,True,2025-06-10 13:23:59,2025-08-20 11:09:11
CONS_000103,AUD_000103,Opt-in,False,2023-10-11 02:33:32,2025-08-14 15:19:05
CONS_000104,AUD_000104,Opt-in,True,2024-09-18 18:15:20,2025-08-25 06:55:49
CONS_000105,AUD_000105,Opt-in,True,2024-03-31 06:25:13,2025-08-16 11:53:47
CONS_000106,AUD_000106,Opt-in,True,2024-01-20 04:51:33,2025-08-11 13:57:22
CONS_000107,AUD_000107,Opt-in,False,2023-09-17 03:53:50,2025-08-21 05:59:47
CONS_000108,AUD_000108,Opt-out,False,2024-05-17 18:59:03,2025-08-28 20:59:02
CONS_000109,AUD_000109,Opt-out,True,2024-05-13 13:39:47,2025-08-13 13:34:58
CONS_000110,AUD_000110,Opt-in,True,2025-03-26 16:08:40,2025-09-08 12:09:00
CONS_000111,AUD_000111,Pending,True,2024-02-04 16:17:18,2025-08-14 20:41:34
CONS_000112,AUD_000112,Opt-in,False,2025-01-19 02:06:17,2025-09-05 03:52:12
CONS_000113,AUD_000113,Pending,True,2025-03-06 14:04:18,2025-08-18 15:09:14
CONS_000114,AUD_000114,Opt-out,False,2024-06-21 15:09:53,2025-08-26 06:57:43
CONS_000115,AUD_000115,Pending,False,2024-11-14 11:37:08,2025-09-07 05:24:32
CONS_000116,AUD_000116,Opt-in,True,2024-01-31 23:46:25,2025-09-02 12:27:55
CONS_000117,AUD_000117,Opt-in,False,2025-02-25 06:08:31,2025-08-11 14:39:32
CONS_000118,AUD_000118,Opt-in,False,2025-08-14 06:02:59,2025-08-28 03:46:29
CONS_000119,AUD_000119,Opt-in,True,2024-04-09 06:27:32,2025-09-09 07:57:41
CONS_000120,AUD_000120,Opt-out,True,2024-08-08 15:02:16,2025-08-18 23:06:08
CONS_000121,AUD_000121,Opt-in,True,2023-09-23 12:08:30,2025-08-28 02:35:00
CONS_000122,AUD_000122,Opt-in,False,2025-08-14 22:34:30,2025-08-12 07:29:15
CONS_000123,AUD_000123,Opt-in,False,2025-05-08 00:02:14,2025-08-22 22:41:21
CONS_000124,AUD_000124,Expired,True,2024-08-13 19:32:51,2025-09-05 23:01:03
CONS_000125,AUD_000125,Opt-out,False,2024-10-31 21:55:10,2025-09-07 02:53:50
CONS_000126,AUD_000126,Opt-in,False,2025-05-11 20:00:24,2025-08-17 02:45:37
CONS_000127,AUD_000127,Opt-in,False,2024-03-21 15:49:32,2025-09-06 04:09:44
CONS_000128,AUD_000128,Opt-in,False,2025-05-24 12:11:55,2025-09-03 22:19:22
CONS_000129,AUD_000129,Pending,False,2025-01-10 09:12:19,2025-08-27 19:33:31
CONS_000130,AUD_000130,Opt-in,False,2024-06-24 15:23:20,2025-08-10 13:21:28
CONS_000131,AUD_000131,Opt-in,False,2024-02-24 18:13:19,2025-08-17 01:58:10
CONS_000132,AUD_000132,Opt-out,True,2025-05-02 03:04:39,2025-08-17 14:20:18
CONS_000133,AUD_000133,Opt-in,False,2023-09-12 01:42:00,2025-08-11 20:39:45
CONS_000134,AUD_000134,Opt-in,False,2023-11-04 23:38:41,2025-09-03 12:38:13
CONS_000135,AUD_000135,Opt-in,True,2024-10-05 03:59:11,2025-09-06 09:54:30
CONS_000136,AUD_000136,Opt-in,True,2025-07-27 13:37:00,2025-08-10 22:02:24
CONS_000137,AUD_000137,Opt-out,False,2025-06-05 11:11:50,2025-09-01 09:51:10
CONS_000138,AUD_000138,Opt-in,True,2025-03-23 04:14:42,2025-09-03 01:37:42
CONS_000139,AUD_000139,Opt-out,True,2025-03-24 17:24:57,2025-08-30 07:51:32
CONS_000140,AUD_000140,Opt-out,False,2024-09-06 23:19:42,2025-08-27 19:59:58
CONS_000141,AUD_000141,Opt-in,True,2024-10-04 07:31:47,2025-08-26 23:58:17
CONS_000142,AUD_000142,Opt-in,False,2025-04-01 14:10:30,2025-09-05 02:02:28
CONS_000143,AUD_000143,Expired,True,2025-07-17 03:17:43,2025-08-22 02:22:18
CONS_000144,AUD_000144,Opt-in,False,2025-02-21 04:54:31,2025-08-15 17:52:59
CONS_000145,AUD_000145,Opt-in,True,2025-01-01 09:11:20,2025-08-10 20:30:17
CONS_000146,AUD_000146,Opt-in,True,2024-07-19 23:07:16,2025-08-20 06:59:26
CONS_000147,AUD_000147,Opt-in,False,2024-03-07 17:07:12,2025-08-24 19:46:30
CONS_000148,AUD_000148,Opt-in,False,2023-11-22 00:48:39,2025-09-07 08:39:06
CONS_000149,AUD_000149,Opt-out,False,2025-02-25 01:40:59,2025-08-15 11:58:08
CONS_000150,AUD_000150,Opt-in,True,2024-04-10 19:39:36,2025-08-18 03:22:45
CONS_000151,AUD_000151,Opt-in,True,2024-01-06 14:05:08,2025-08-23 05:18:58
CONS_000152,AUD_000152,Pending,False,2025-02-23 17:11:14,2025-08-21 06:30:07
CONS_000153,AUD_000153,Opt-in,True,2025-03-21 22:41:48,2025-08-19 02:11:35
CONS_000154,AUD_000154,Opt-out,False,2025-09-07 21:13:09,2025-08-31 04:11:39
CONS_000155,AUD_000155,Opt-out,False,2024-12-19 21:56:55,2025-08-12 17:09:19
CONS_000156,AUD_000156,Opt-in,True,2024-01-01 23:50:06,2025-08-14 01:42:36
CONS_000157,AUD_000157,Opt-in,True,2025-07-25 12:18:50,2025-09-08 00:51:15
CONS_000158,AUD_000158,Opt-in,False,2023-10-28 14:16:55,2025-09-02 12:55:01
CONS_000159,AUD_000159,Opt-in,True,2025-03-17 02:16:47,2025-08-18 12:42:34
CONS_000160,AUD_000160,Opt-in,True,2024-01-19 01:50:07,2025-09-02 09:00:03
CONS_000161,AUD_000161,Opt-in,True,2024-05-13 19:47:44,2025-08-25 10:36:22
CONS_000162,AUD_000162,Opt-out,False,2025-05-12 02:49:27,2025-08-26 11:10:44
CONS_000163,AUD_000163,Opt-in,True,2024-09-17 07:07:52,2025-08-24 20:46:00
CONS_000164,AUD_000164,Opt-in,False,2024-12-01 21:57:54,2025-09-02 23:49:50
CONS_000165,AUD_000165,Opt-in,True,2024-05-27 11:55:53,2025-08-13 04:32:04
CONS_000166,AUD_000166,Opt-out,True,2024-01-17 04:46:30,2025-09-03 15:01:34
CONS_000167,AUD_000167,Pending,True,2024-10-12 12:00:24,2025-08-17 22:28:17
CONS_000168,AUD_000168,Opt-in,False,2023-09-23 17:37:09,2025-09-06 20:15:58
CONS_000169,AUD_000169,Opt-in,True,2025-04-19 14:55:43,2025-09-03 05:27:21
CONS_000170,AUD_000170,Opt-in,True,2023-11-12 12:25:29,2025-08-12 07:56:40
CONS_000171,AUD_000171,Opt-in,False,2023-12-25 20:54:55,2025-08-15 05:43:02
CONS_000172,AUD_000172,Opt-in,False,2025-04-27 12:53:28,2025-08-26 11:20:07
CONS_000173,AUD_000173,Opt-out,False,2024-08-24 20:55:40,2025-09-07 04:04:00
CONS_000174,AUD_000174,Pending,False,2024-12-14 11:23:01,2025-08-11 07:43:15
CONS_000175,AUD_000175,Opt-in,True,2025-05-25 11:42:06,2025-09-03 04:59:30
CONS_000176,AUD_000176,Opt-in,False,2024-07-22 01:56:52,2025-09-03 15:30:38
CONS_000177,AUD_000177,Opt-in,True,2025-03-29 19:22:40,2025-08-22 12:02:36
CONS_000178,AUD_000178,Opt-in,False,2024-01-10 17:16:33,2025-08-29 01:26:48
CONS_000179,AUD_000179,Expired,False,2024-08-28 07:50:45,2025-08-28 00:26:52
CONS_000180,AUD_000180,Opt-in,True,2025-01-31 11:55:36,2025-09-08 17:05:29
CONS_000181,AUD_000181,Opt-in,False,2025-03-07 00:33:46,2025-09-04 11:07:14
CONS_000182,AUD_000182,Opt-in,True,2025-07-23 02:22:57,2025-09-02 20:25:26
CONS_000183,AUD_000183,Opt-in,True,2024-10-21 08:55:58,2025-08-24 03:55:37
CONS_000184,AUD_000184,Opt-in,True,2024-05-02 15:27:43,2025-08-21 11:51:35
CONS_000185,AUD_000185,Opt-in,True,2025-06-28 09:45:23,2025-08-11 12:27:57
CONS_000186,AUD_000186,Opt-in,True,2024-01-25 17:26:36,2025-08-27 13:20:56
CONS_000187,AUD_000187,Opt-in,False,2023-09-22 22:14:18,2025-08-30 08:46:13
CONS_000188,AUD_000188,Opt-in,True,2024-06-08 09:07:40,2025-08-20 14:09:18
CONS_000189,AUD_000189,Opt-in,True,2025-03-10 17:35:21,2025-08-10 15:37:40
CONS_000190,AUD_000190,Pending,False,2024-04-27 12:03:15,2025-08-24 07:58:45
CONS_000191,AUD_000191,Opt-in,False,2023-12-17 07:20:51,2025-08-13 07:22:35
CONS_000192,AUD_000192,Opt-in,True,2024-09-24 09:40:52,2025-09-02 09:52:58
CONS_000193,AUD_000193,Opt-out,True,2024-11-16 05:37:36,2025-08-24 15:08:32
CONS_000194,AUD_000194,Opt-in,False,2024-10-18 13:04:59,2025-08-26 23:25:41
CONS_000195,AUD_000195,Opt-in,False,2025-03-19 09:13:27,2025-08-14 00:29:41
CONS_000196,AUD_000196,Opt-in,True,2025-04-24 08:00:07,2025-09-03 00:17:53
CONS_000197,AUD_000197,Opt-in,False,2024-12-19 05:26:22,2025-08-17 19:25:11
CONS_000198,AUD_000198,Opt-in,True,2024-10-06 11:56:28,2025-08-23 04:44:02
CONS_000199,AUD_000199,Opt-in,False,2023-10-08 20:28:49,2025-08-13 15:00:22
CONS_000200,AUD_000200,Opt-in,False,2025-07-26 22:24:16,2025-08-30 08:56:44
CONS_000201,AUD_000201,Opt-out,False,2025-09-08 06:17:42,2025-08-31 07:19:32
CONS_000202,AUD_000202,Opt-in,True,2025-04-27 21:13:13,2025-09-09 09:45:17
CONS_000203,AUD_000203,Opt-in,False,2024-04-02 07:34:39,2025-09-04 22:05:00
CONS_000204,AUD_000204,Opt-in,False,2025-08-26 18:49:42,2025-09-08 16:21:57
CONS_000205,AUD_000205,Opt-in,True,2024-06-01 23:47:24,2025-08-25 09:02:22
CONS_000206,AUD_000206,Opt-in,True,2025-03-02 15:02:32,2025-08-22 15:13:11
CONS_000207,AUD_000207,Opt-in,False,2023-09-29 12:22:54,2025-08-18 23:35:04
CONS_000208,AUD_000208,Opt-in,False,2024-01-23 07:33:03,2025-08-13 05:17:15
CONS_000209,AUD_000209,Opt-in,True,2023-12-19 17:57:14,2025-08-26 04:14:23
CONS_000210,AUD_000210,Opt-out,False,2024-11-21 02:19:03,2025-08-13 10:21:39
CONS_000211,AUD_000211,Opt-in,True,2023-12-02 04:35:18,2025-09-08 16:00:46
CONS_000212,AUD_000212,Opt-in,False,2025-03-24 01:36:41,2025-08-19 23:27:25
CONS_000213,AUD_000213,Pending,True,2023-12-09 17:58:09,2025-08-27 17:17:20
CONS_000214,AUD_000214,Opt-in,False,2024-11-08 10:54:38,2025-08-12 19:02:12
CONS_000215,AUD_000215,Opt-in,True,2023-10-16 06:07:54,2025-08-19 18:32:40
CONS_000216,AUD_000216,Opt-in,True,2025-03-18 16:35:15,2025-09-02 01:45:28
CONS_000217,AUD_000217,Opt-in,True,2025-07-07 21:33:48,2025-08-12 19:37:48
CONS_000218,AUD_000218,Opt-in,False,2025-02-11 18:46:19,2025-09-07 11:37:24
CONS_000219,AUD_000219,Opt-out,False,2025-06-06 17:56:09,2025-08-26 19:26:21
CONS_000220,AUD_000220,Opt-out,False,2025-07-03 00:59:20,2025-08-30 03:57:38
CONS_000221,AUD_000221,Opt-in,False,2023-11-22 17:54:23,2025-08-22 12:54:02
CONS_000222,AUD_000222,Opt-in,True,2025-07-20 21:40:02,2025-08-19 18:50:06
CONS_000223,AUD_000223,Opt-in,False,2025-06-12 08:12:24,2025-08-13 05:12:33
CONS_000224,AUD_000224,Opt-in,True,2024-05-10 17:06:09,2025-09-01 15:51:38
CONS_000225,AUD_000225,Opt-in,True,2023-12-19 08:36:51,2025-08-13 06:10:46
CONS_000226,AUD_000226,Opt-in,True,2025-07-31 01:20:51,2025-08-10 13:09:34
CONS_000227,AUD_000227,Opt-out,False,2025-06-22 03:38:32,2025-08-11 16:53:26
CONS_000228,AUD_000228,Expired,False,2025-04-23 08:43:22,2025-08-22 14:35:04
CONS_000229,AUD_000229,Opt-out,False,2023-11-27 11:00:06,2025-08-15 04:36:49
CONS_000230,AUD_000230,Opt-in,True,2025-07-27 09:03:59,2025-09-06 06:41:25
CONS_000231,AUD_000231,Opt-in,False,2024-03-09 03:48:00,2025-08-20 10:47:52
CONS_000232,AUD_000232,Opt-in,True,2024-01-23 13:44:11,2025-09-06 23:21:00
CONS_000233,AUD_000233,Opt-out,True,2025-02-02 22:29:32,2025-08-13 13:03:42
CONS_000234,AUD_000234,Opt-in,False,2025-04-25 08:51:41,2025-08-24 12:54:00
CONS_000235,AUD_000235,Opt-out,False,2025-02-23 09:56:57,2025-08-14 05:28:08
CONS_000236,AUD_000236,Pending,False,2025-03-02 01:36:33,2025-09-04 02:14:21
CONS_000237,AUD_000237,Opt-in,False,2025-01-20 14:45:49,2025-08-17 14:03:18
CONS_000238,AUD_000238,Opt-in,True,2024-07-04 04:51:52,2025-08-30 20:53:19
CONS_000239,AUD_000239,Opt-in,True,2025-06-10 05:32:49,2025-08-27 17:29:24
CONS_000240,AUD_000240,Opt-in,False,2025-02-24 05:16:01,2025-09-04 16:23:51
CONS_000241,AUD_000241,Opt-in,False,2024-09-04 01:32:59,2025-08-17 13:34:09
CONS_000242,AUD_000242,Opt-in,False,2024-07-20 03:01:18,2025-08-28 19:49:06
CONS_000243,AUD_000243,Opt-in,False,2024-06-19 23:45:41,2025-09-04 04:17:27
CONS_000244,AUD_000244,Expired,True,2024-04-11 02:29:14,2025-08-14 12:20:39
CONS_000245,AUD_000245,Pending,True,2025-08-21 05:52:24,2025-08-22 18:35:01
CONS_000246,AUD_000246,Opt-in,False,2024-11-05 14:38:38,2025-08-18 12:12:43
CONS_000247,AUD_000247,Expired,False,2024-12-03 09:20:07,2025-09-06 02:45:41
CONS_000248,AUD_000248,Opt-out,False,2025-02-07 11:14:13,2025-08-18 01:52:20
CONS_000249,AUD_000249,Opt-in,True,2024-11-25 06:21:23,2025-08-10 11:19:07
CONS_000250,AUD_000250,Opt-in,False,2023-12-03 02:15:09,2025-08-28 03:36:13
CONS_000251,AUD_000251,Opt-in,False,2025-03-08 13:57:25,2025-08-31 04:00:31
CONS_000252,AUD_000252,Opt-in,True,2024-11-04 08:35:07,2025-09-03 20:40:26
CONS_000253,AUD_000253,Pending,True,2024-11-06 23:26:55,2025-09-08 10:38:17
CONS_000254,AUD_000254,Opt-out,False,2024-03-10 00:54:02,2025-08-31 18:14:30
CONS_000255,AUD_000255,Opt-in,True,2024-02-25 22:51:49,2025-08-17 22:16:11
CONS_000256,AUD_000256,Opt-in,True,2023-10-14 10:04:39,2025-08-12 14:15:22
CONS_000257,AUD_000257,Opt-out,True,2024-06-24 13:44:44,2025-09-08 09:13:51
CONS_000258,AUD_000258,Pending,True,2024-03-30 07:24:44,2025-08-13 19:21:16
CONS_000259,AUD_000259,Opt-in,True,2023-09-12 11:38:17,2025-08-16 17:37:13
CONS_000260,AUD_000260,Pending,False,2023-11-30 07:02:20,2025-08-31 07:33:14
CONS_000261,AUD_000261,Opt-in,False,2024-07-08 04:16:01,2025-08-20 16:02:59
CONS_000262,AUD_000262,Opt-in,True,2024-08-01 19:01:05,2025-08-14 20:06:13
CONS_000263,AUD_000263,Opt-in,False,2024-12-26 10:35:25,2025-08-14 03:00:30
CONS_000264,AUD_000264,Opt-in,True,2024-06-05 14:53:32,2025-09-08 17:53:34
CONS_000265,AUD_000265,Opt-out,False,2024-06-12 21:31:42,2025-08-25 23:51:22
CONS_000266,AUD_000266,Opt-in,False,2024-03-29 05:24:15,2025-08-30 07:43:08
CONS_000267,AUD_000267,Opt-in,True,2025-05-28 14:09:43,2025-08-14 19:19:54
CONS_000268,AUD_000268,Pending,False,2024-06-20 13:15:00,2025-08-16 01:37:59
CONS_000269,AUD_000269,Opt-in,True,2025-01-08 12:05:14,2025-09-07 19:56:37
CONS_000270,AUD_000270,Opt-in,False,2024-03-05 15:34:37,2025-08-25 02:17:25
CONS_000271,AUD_000271,Opt-in,False,2024-03-28 08:57:21,2025-08-11 21:30:17
CONS_000272,AUD_000272,Opt-out,True,2023-09-12 15:50:17,2025-08-24 08:03:07
CONS_000273,AUD_000273,Opt-in,True,2023-10-25 06:04:52,2025-09-06 02:18:25
CONS_000274,AUD_000274,Opt-in,True,2023-10-23 22:19:48,2025-08-24 04:34:15
CONS_000275,AUD_000275,Pending,True,2024-04-08 10:49:48,2025-08-22 19:55:26
CONS_000276,AUD_000276,Opt-out,False,2025-06-14 18:45:51,2025-08-14 15:34:30
CONS_000277,AUD_000277,Expired,False,2024-04-01 08:06:02,2025-08-23 05:06:08
CONS_000278,AUD_000278,Pending,False,2023-09-20 11:28:53,2025-09-02 23:58:24
CONS_000279,AUD_000279,Opt-in,True,2024-10-01 00:43:51,2025-08-28 00:32:29
CONS_000280,AUD_000280,Opt-out,False,2024-05-21 08:28:54,2025-08-29 18:07:58
CONS_000281,AUD_000281,Opt-in,True,2024-08-03 10:45:48,2025-08-31 01:56:34
CONS_000282,AUD_000282,Opt-in,True,2024-03-29 15:03:27,2025-08-24 17:35:38
CONS_000283,AUD_000283,Opt-in,False,2024-06-21 13:29:43,2025-08-15 05:48:09
CONS_000284,AUD_000284,Expired,False,2024-02-18 10:34:59,2025-09-06 13:44:00
CONS_000285,AUD_000285,Expired,False,2023-09-22 22:40:00,2025-08-17 11:03:21
CONS_000286,AUD_000286,Opt-in,True,2024-08-30 03:17:08,2025-08-16 23:51:40
CONS_000287,AUD_000287,Opt-in,True,2025-08-02 20:15:41,2025-08-25 17:15:18
CONS_000288,AUD_000288,Opt-in,True,2025-07-23 05:32:12,2025-08-13 17:20:46
CONS_000289,AUD_000289,Opt-in,True,2025-02-17 22:26:39,2025-08-26 02:07:59
CONS_000290,AUD_000290,Opt-out,False,2025-01-26 01:27:29,2025-08-18 13:58:38
CONS_000291,AUD_000291,Opt-out,False,2025-01-02 23:34:49,2025-09-03 09:53:05
CONS_000292,AUD_000292,Opt-in,True,2025-03-08 07:15:07,2025-08-11 00:53:18
CONS_000293,AUD_000293,Opt-in,True,2024-10-28 10:50:36,2025-09-05 23:20:05
CONS_000294,AUD_000294,Opt-in,True,2024-03-04 12:32:53,2025-08-18 21:53:54
CONS_000295,AUD_000295,Opt-out,True,2025-04-23 12:23:40,2025-09-02 03:50:36
CONS_000296,AUD_000296,Opt-in,True,2025-01-10 09:27:46,2025-08-27 02:33:45
CONS_000297,AUD_000297,Opt-in,True,2024-12-01 08:26:30,2025-09-03 09:32:56
CONS_000298,AUD_000298,Opt-out,False,2024-10-01 06:27:33,2025-08-15 21:59:41
CONS_000299,AUD_000299,Opt-in,True,2024-09-07 06:21:20,2025-08-26 06:40:07
CONS_000300,AUD_000300,Opt-in,False,2023-12-28 06:26:23,2025-08-11 00:21:47
CONS_000301,AUD_000301,Opt-out,True,2025-03-24 10:16:20,2025-09-02 12:26:49
CONS_000302,AUD_000302,Opt-in,True,2024-07-12 19:52:30,2025-08-20 16:00:21
CONS_000303,AUD_000303,Opt-in,True,2024-08-26 13:43:48,2025-08-16 01:10:49
CONS_000304,AUD_000304,Opt-out,True,2025-02-26 05:45:23,2025-09-01 01:18:24
CONS_000305,AUD_000305,Opt-in,False,2024-07-16 13:37:17,2025-08-31 07:24:43
CONS_000306,AUD_000306,Opt-in,True,2024-03-26 22:41:20,2025-08-16 09:53:19
CONS_000307,AUD_000307,Opt-in,True,2024-06-29 20:30:04,2025-09-04 16:26:52
CONS_000308,AUD_000308,Opt-in,False,2024-11-22 13:49:12,2025-08-27 08:22:07
CONS_000309,AUD_000309,Opt-out,True,2023-11-19 13:46:06,2025-08-24 14:00:28
CONS_000310,AUD_000310,Opt-in,False,2024-01-31 16:54:04,2025-08-17 18:35:21
CONS_000311,AUD_000311,Opt-in,False,2023-10-13 20:44:56,2025-08-20 12:17:57
CONS_000312,AUD_000312,Opt-in,True,2024-08-19 12:55:02,2025-08-17 15:54:47
CONS_000313,AUD_000313,Opt-in,False,2024-05-10 19:57:07,2025-08-17 06:07:43
CONS_000314,AUD_000314,Opt-in,False,2025-08-09 09:42:15,2025-08-10 22:06:12
CONS_000315,AUD_000315,Opt-in,False,2023-11-05 02:29:34,2025-08-27 09:11:14
CONS_000316,AUD_000316,Opt-in,False,2023-12-19 10:26:16,2025-08-22 18:00:07
CONS_000317,AUD_000317,Opt-in,True,2023-10-12 10:59:36,2025-08-24 10:34:20
CONS_000318,AUD_000318,Opt-out,False,2024-10-04 23:08:05,2025-09-01 14:04:33
CONS_000319,AUD_000319,Opt-out,False,2023-11-24 08:05:25,2025-09-09 02:54:37
CONS_000320,AUD_000320,Opt-out,False,2024-10-14 21:11:06,2025-08-31 23:32:35
CONS_000321,AUD_000321,Opt-in,False,2024-02-18 13:30:00,2025-08-16 20:44:13
CONS_000322,AUD_000322,Pending,True,2024-06-07 04:02:15,2025-08-11 12:38:10
CONS_000323,AUD_000323,Opt-in,False,2023-09-18 23:13:07,2025-08-28 01:16:21
CONS_000324,AUD_000324,Opt-in,False,2023-12-07 05:32:02,2025-08-18 20:10:07
CONS_000325,AUD_000325,Opt-in,False,2024-11-13 03:00:15,2025-08-23 22:09:19
CONS_000326,AUD_000326,Opt-in,True,2024-02-10 01:25:55,2025-08-20 15:39:32
CONS_000327,AUD_000327,Opt-in,True,2024-03-01 05:25:24,2025-08-13 23:47:37
CONS_000328,AUD_000328,Opt-in,False,2025-04-20 09:09:27,2025-09-03 03:51:52
CONS_000329,AUD_000329,Opt-in,True,2024-10-06 08:36:16,2025-08-29 07:13:47
CONS_000330,AUD_000330,Opt-in,True,2025-03-18 21:25:43,2025-08-11 18:04:32
CONS_000331,AUD_000331,Opt-in,True,2025-01-25 09:29:41,2025-08-26 15:50:48
CONS_000332,AUD_000332,Opt-in,True,2025-01-02 06:06:59,2025-08-31 07:17:54
CONS_000333,AUD_000333,Opt-in,True,2023-09-15 01:38:25,2025-09-04 16:32:47
CONS_000334,AUD_000334,Opt-in,False,2025-04-28 21:15:32,2025-08-16 22:03:03
CONS_000335,AUD_000335,Opt-in,True,2024-07-07 01:09:59,2025-08-20 08:24:30
CONS_000336,AUD_000336,Opt-in,False,2023-11-14 04:28:30,2025-08-27 21:56:44
CONS_000337,AUD_000337,Opt-in,True,2025-07-16 12:57:45,2025-08-18 18:11:42
CONS_000338,AUD_000338,Pending,False,2024-07-18 05:09:53,2025-08-20 21:31:23
CONS_000339,AUD_000339,Opt-in,False,2024-05-27 23:09:18,2025-08-23 23:58:08
CONS_000340,AUD_000340,Opt-in,False,2025-01-30 11:07:26,2025-08-11 05:38:25
CONS_000341,AUD_000341,Opt-in,True,2023-11-20 14:40:07,2025-08-29 05:51:41
CONS_000342,AUD_000342,Opt-in,False,2023-09-26 00:31:28,2025-08-18 16:27:30
CONS_000343,AUD_000343,Opt-out,False,2024-01-14 00:54:29,2025-08-15 03:16:47
CONS_000344,AUD_000344,Opt-in,False,2025-03-01 18:50:05,2025-09-01 09:37:47
CONS_000345,AUD_000345,Opt-in,False,2024-01-31 09:40:15,2025-08-16 16:48:13
CONS_000346,AUD_000346,Opt-in,False,2023-12-16 05:55:05,2025-08-24 06:05:18
CONS_000347,AUD_000347,Opt-in,True,2025-01-05 10:34:41,2025-08-17 04:43:22
CONS_000348,AUD_000348,Opt-in,True,2023-12-17 14:58:34,2025-08-13 23:08:37
CONS_000349,AUD_000349,Opt-out,True,2025-07-07 08:44:21,2025-08-16 13:16:14
CONS_000350,AUD_000350,Opt-out,False,2024-12-11 05:36:01,2025-09-05 19:59:33
CONS_000351,AUD_000351,Opt-in,True,2024-04-16 03:09:12,2025-08-31 00:44:23
CONS_000352,AUD_000352,Opt-in,True,2023-12-31 19:07:01,2025-08-12 07:49:32
CONS_000353,AUD_000353,Expired,False,2025-06-29 06:32:04,2025-08-24 15:21:30
CONS_000354,AUD_000354,Opt-in,False,2023-09-15 23:49:26,2025-08-21 15:56:18
CONS_000355,AUD_000355,Opt-in,True,2024-10-03 12:57:08,2025-08-30 23:04:09
CONS_000356,AUD_000356,Opt-in,False,2025-06-23 05:53:15,2025-08-13 16:24:37
CONS_000357,AUD_000357,Opt-in,False,2025-03-21 10:52:06,2025-08-16 18:45:29
CONS_000358,AUD_000358,Opt-in,False,2023-12-31 15:47:32,2025-08-13 16:20:57
CONS_000359,AUD_000359,Opt-in,False,2024-02-24 18:51:27,2025-09-03 19:20:40
CONS_000360,AUD_000360,Opt-in,False,2024-03-22 17:02:50,2025-08-26 00:51:40
CONS_000361,AUD_000361,Opt-in,False,2024-10-19 13:49:33,2025-08-30 17:48:53
CONS_000362,AUD_000362,Opt-in,True,2025-08-03 21:41:32,2025-09-07 09:21:01
CONS_000363,AUD_000363,Opt-in,True,2025-06-27 16:18:56,2025-09-06 22:36:43
CONS_000364,AUD_000364,Opt-in,False,2025-08-29 01:05:33,2025-09-06 00:28:20
CONS_000365,AUD_000365,Pending,False,2024-01-03 07:52:15,2025-09-09 08:16:10
CONS_000366,AUD_000366,Expired,True,2024-10-03 09:45:57,2025-08-27 10:43:27
CONS_000367,AUD_000367,Opt-in,False,2025-08-06 13:39:43,2025-08-23 04:11:27
CONS_000368,AUD_000368,Opt-in,True,2024-11-29 10:05:41,2025-09-03 06:28:07
CONS_000369,AUD_000369,Expired,False,2024-04-01 05:25:32,2025-08-18 05:38:14
CONS_000370,AUD_000370,Opt-in,True,2024-02-13 18:07:48,2025-09-01 10:19:52
CONS_000371,AUD_000371,Opt-in,False,2025-03-26 20:22:32,2025-08-11 00:41:33
CONS_000372,AUD_000372,Opt-in,True,2024-07-02 16:10:18,2025-08-21 16:39:05
CONS_000373,AUD_000373,Opt-out,True,2024-10-05 07:19:01,2025-09-07 05:53:27
CONS_000374,AUD_000374,Opt-in,True,2025-06-09 23:27:00,2025-08-13 21:19:22
CONS_000375,AUD_000375,Opt-out,False,2025-01-29 10:13:17,2025-09-06 10:52:15
CONS_000376,AUD_000376,Opt-in,False,2024-02-25 03:16:46,2025-08-31 10:28:00
CONS_000377,AUD_000377,Opt-in,True,2025-08-03 14:36:35,2025-08-13 19:45:05
CONS_000378,AUD_000378,Expired,False,2024-08-25 07:59:18,2025-09-06 16:59:33
CONS_000379,AUD_000379,Pending,False,2024-11-07 07:28:36,2025-09-01 13:21:12
CONS_000380,AUD_000380,Opt-in,False,2023-12-18 03:17:40,2025-08-25 23:11:59
CONS_000381,AUD_000381,Opt-in,True,2024-10-07 21:59:50,2025-08-17 09:10:08
CONS_000382,AUD_000382,Opt-out,False,2023-12-11 17:16:29,2025-09-06 16:02:01
CONS_000383,AUD_000383,Opt-in,False,2024-09-15 13:43:14,2025-08-28 15:14:30
CONS_000384,AUD_000384,Opt-in,True,2025-06-17 01:19:44,2025-08-17 16:08:56
CONS_000385,AUD_000385,Expired,False,2024-10-17 14:10:16,2025-08-20 14:26:00
CONS_000386,AUD_000386,Opt-in,False,2024-10-06 20:26:14,2025-08-18 05:13:36
CONS_000387,AUD_000387,Opt-in,False,2024-05-09 20:14:30,2025-08-14 12:19:20
CONS_000388,AUD_000388,Opt-in,False,2024-01-18 14:15:54,2025-08-23 06:13:54
CONS_000389,AUD_000389,Opt-in,True,2025-05-23 02:33:55,2025-08-16 14:05:20
CONS_000390,AUD_000390,Opt-in,False,2025-04-18 12:33:22,2025-08-17 01:02:18
CONS_000391,AUD_000391,Opt-out,True,2024-12-17 21:21:43,2025-08-25 23:12:01
CONS_000392,AUD_000392,Opt-in,True,2024-12-09 13:28:13,2025-08-12 13:42:22
CONS_000393,AUD_000393,Pending,False,2025-02-17 16:47:17,2025-08-26 19:54:56
CONS_000394,AUD_000394,Expired,False,2025-03-01 23:29:49,2025-08-20 01:59:57
CONS_000395,AUD_000395,Opt-in,True,2024-01-08 14:40:17,2025-08-18 17:13:00
CONS_000396,AUD_000396,Opt-in,False,2025-05-20 21:40:12,2025-08-11 07:50:38
CONS_000397,AUD_000397,Opt-out,False,2025-03-22 05:28:21,2025-09-02 19:54:25
CONS_000398,AUD_000398,Opt-in,False,2025-03-29 09:36:11,2025-08-31 03:42:32
CONS_000399,AUD_000399,Pending,False,2025-06-01 08:01:54,2025-09-01 02:53:51
CONS_000400,AUD_000400,Opt-in,True,2023-11-10 11:32:12,2025-08-15 09:01:04
CONS_000401,AUD_000401,Opt-in,True,2025-03-05 05:34:56,2025-08-29 12:56:27
CONS_000402,AUD_000402,Pending,False,2023-11-08 14:29:59,2025-08-31 01:36:04
CONS_000403,AUD_000403,Opt-in,False,2024-08-26 09:32:10,2025-09-03 14:08:29
CONS_000404,AUD_000404,Opt-in,True,2024-07-26 21:11:09,2025-09-06 06:09:52
CONS_000405,AUD_000405,Opt-in,True,2024-12-26 03:18:31,2025-08-12 03:29:27
CONS_000406,AUD_000406,Opt-in,True,2024-12-13 22:41:42,2025-09-08 11:41:46
CONS_000407,AUD_000407,Opt-in,True,2023-09-29 07:00:42,2025-08-14 22:06:39
CONS_000408,AUD_000408,Pending,False,2024-05-25 08:44:01,2025-08-21 19:11:06
CONS_000409,AUD_000409,Opt-in,True,2023-12-03 11:49:59,2025-09-06 20:32:21
CONS_000410,AUD_000410,Opt-out,True,2024-12-24 17:18:28,2025-09-02 00:05:38
CONS_000411,AUD_000411,Opt-in,True,2024-03-18 19:33:36,2025-08-12 23:30:06
CONS_000412,AUD_000412,Opt-in,True,2025-04-25 17:55:51,2025-08-28 10:31:24
CONS_000413,AUD_000413,Opt-in,True,2024-11-04 04:32:17,2025-08-24 17:33:11
CONS_000414,AUD_000414,Opt-in,False,2024-09-02 23:01:52,2025-09-06 17:39:19
CONS_000415,AUD_000415,Opt-in,False,2023-11-05 08:22:21,2025-08-15 16:47:41
CONS_000416,AUD_000416,Opt-in,True,2025-03-20 14:02:19,2025-08-25 11:17:30
CONS_000417,AUD_000417,Opt-in,False,2025-04-07 21:27:41,2025-08-19 20:26:04
CONS_000418,AUD_000418,Opt-in,False,2024-08-17 16:57:07,2025-08-25 15:24:58
CONS_000419,AUD_000419,Opt-in,False,2024-08-16 13:35:33,2025-08-11 18:03:29
CONS_000420,AUD_000420,Opt-in,True,2023-10-16 02:10:47,2025-08-30 06:56:22
CONS_000421,AUD_000421,Opt-out,True,2025-06-18 01:21:43,2025-08-21 18:21:27
CONS_000422,AUD_000422,Opt-in,False,2024-12-18 04:41:40,2025-08-13 02:07:42
CONS_000423,AUD_000423,Opt-in,False,2025-02-19 20:59:14,2025-08-18 16:19:47
CONS_000424,AUD_000424,Opt-in,False,2023-12-28 21:32:51,2025-08-21 18:13:55
CONS_000425,AUD_000425,Expired,True,2023-12-09 04:13:20,2025-08-22 19:36:46
CONS_000426,AUD_000426,Opt-in,True,2025-04-14 17:58:44,2025-08-25 18:41:03
CONS_000427,AUD_000427,Opt-in,False,2025-09-02 14:46:05,2025-08-21 12:21:37
CONS_000428,AUD_000428,Opt-in,True,2023-10-16 04:42:58,2025-08-19 17:33:49
CONS_000429,AUD_000429,Opt-out,True,2024-01-12 16:48:05,2025-08-27 17:35:12
CONS_000430,AUD_000430,Opt-in,False,2025-02-24 00:51:33,2025-08-27 00:06:14
CONS_000431,AUD_000431,Opt-in,False,2023-10-09 04:08:24,2025-08-24 12:30:23
CONS_000432,AUD_000432,Opt-in,True,2024-07-03 08:12:56,2025-08-17 15:21:12
CONS_000433,AUD_000433,Expired,False,2024-11-22 23:06:31,2025-08-28 20:30:11
CONS_000434,AUD_000434,Opt-in,True,2024-08-11 05:53:13,2025-08-21 01:55:41
CONS_000435,AUD_000435,Opt-in,False,2025-09-08 12:12:55,2025-09-02 14:22:35
CONS_000436,AUD_000436,Opt-in,True,2025-03-31 19:35:11,2025-09-08 00:30:31
CONS_000437,AUD_000437,Opt-out,False,2025-05-27 10:07:55,2025-08-26 04:51:52
CONS_000438,AUD_000438,Opt-in,False,2023-12-11 05:42:18,2025-08-12 05:59:06
CONS_000439,AUD_000439,Pending,True,2025-04-17 21:12:09,2025-09-07 06:31:57
CONS_000440,AUD_000440,Opt-in,False,2025-06-03 01:28:33,2025-08-18 00:17:58
CONS_000441,AUD_000441,Opt-in,False,2024-09-30 06:55:14,2025-09-06 03:13:13
CONS_000442,AUD_000442,Opt-in,False,2025-07-09 13:11:19,2025-09-01 13:59:50
CONS_000443,AUD_000443,Opt-in,True,2024-03-19 09:38:30,2025-09-01 10:14:16
CONS_000444,AUD_000444,Opt-in,False,2025-08-12 19:10:35,2025-08-29 17:47:33
CONS_000445,AUD_000445,Opt-out,True,2024-10-14 02:04:53,2025-08-24 15:17:41
CONS_000446,AUD_000446,Opt-in,True,2025-06-14 03:49:35,2025-08-17 21:33:49
CONS_000447,AUD_000447,Pending,False,2024-01-29 22:38:00,2025-08-31 23:21:48
CONS_000448,AUD_000448,Opt-in,True,2024-01-25 10:29:47,2025-08-29 20:38:50
CONS_000449,AUD_000449,Opt-in,False,2024-06-28 05:10:09,2025-08-17 16:40:34
CONS_000450,AUD_000450,Opt-in,True,2025-01-13 17:13:44,2025-08-14 16:09:12
CONS_000451,AUD_000451,Opt-in,False,2024-06-28 11:43:14,2025-08-30 18:21:46
CONS_000452,AUD_000452,Opt-in,False,2025-02-21 09:36:38,2025-08-26 01:54:49
CONS_000453,AUD_000453,Opt-in,False,2024-12-24 09:55:58,2025-08-30 10:29:51
CONS_000454,AUD_000454,Opt-in,True,2024-04-21 21:36:47,2025-08-19 08:32:06
CONS_000455,AUD_000455,Opt-in,False,2023-09-25 13:06:03,2025-09-05 19:28:26
CONS_000456,AUD_000456,Opt-in,False,2025-03-15 15:47:34,2025-08-14 08:14:24
CONS_000457,AUD_000457,Opt-in,False,2025-02-18 16:05:00,2025-09-04 18:42:04
CONS_000458,AUD_000458,Opt-in,True,2024-07-20 23:26:55,2025-08-13 13:13:10
CONS_000459,AUD_000459,Opt-in,True,2025-08-11 19:01:37,2025-08-17 23:36:17
CONS_000460,AUD_000460,Opt-in,False,2024-08-12 15:54:16,2025-08-11 15:38:00
CONS_000461,AUD_000461,Opt-in,False,2024-06-21 06:17:53,2025-09-07 18:59:55
CONS_000462,AUD_000462,Opt-in,True,2024-12-14 12:28:15,2025-08-15 03:04:35
CONS_000463,AUD_000463,Opt-in,True,2025-08-01 02:40:32,2025-08-21 15:18:41
CONS_000464,AUD_000464,Opt-in,True,2024-04-09 13:47:35,2025-09-05 15:10:08
CONS_000465,AUD_000465,Opt-in,False,2024-01-24 15:18:48,2025-09-03 02:06:26
CONS_000466,AUD_000466,Opt-in,False,2025-02-17 20:22:02,2025-08-21 11:59:13
CONS_000467,AUD_000467,Opt-in,False,2024-10-11 03:51:12,2025-08-16 00:52:50
CONS_000468,AUD_000468,Opt-out,True,2024-01-28 08:22:01,2025-09-05 09:24:35
CONS_000469,AUD_000469,Pending,False,2025-02-23 18:40:03,2025-08-30 11:42:40
CONS_000470,AUD_000470,Opt-in,True,2024-08-18 09:43:49,2025-08-19 15:50:16
CONS_000471,AUD_000471,Opt-out,False,2025-04-10 15:45:20,2025-09-05 07:41:36
CONS_000472,AUD_000472,Opt-in,True,2024-09-18 21:41:05,2025-09-08 05:27:08
CONS_000473,AUD_000473,Opt-in,True,2024-10-01 14:05:28,2025-09-06 21:59:25
CONS_000474,AUD_000474,Opt-in,False,2023-09-26 20:19:56,2025-08-17 04:53:47
CONS_000475,AUD_000475,Opt-in,True,2023-11-28 23:20:34,2025-08-17 16:06:43
CONS_000476,AUD_000476,Opt-in,False,2025-01-31 12:49:43,2025-08-25 23:46:13
CONS_000477,AUD_000477,Opt-out,False,2025-05-08 15:09:17,2025-08-18 16:35:04
CONS_000478,AUD_000478,Pending,False,2025-02-21 00:56:21,2025-08-14 10:56:07
CONS_000479,AUD_000479,Pending,False,2024-11-28 19:08:28,2025-08-31 08:14:59
CONS_000480,AUD_000480,Expired,False,2025-01-14 05:06:27,2025-08-20 15:01:17
CONS_000481,AUD_000481,Opt-in,True,2024-04-08 21:45:00,2025-08-29 14:24:40
CONS_000482,AUD_000482,Opt-in,True,2025-09-04 09:50:26,2025-08-19 04:03:49
CONS_000483,AUD_000483,Opt-in,False,2024-02-06 19:33:48,2025-08-16 21:53:19
CONS_000484,AUD_000484,Pending,True,2025-08-18 07:58:32,2025-09-04 03:30:28
CONS_000485,AUD_000485,Opt-out,True,2024-01-30 06:54:55,2025-08-26 05:08:44
CONS_000486,AUD_000486,Opt-in,True,2024-11-12 00:38:32,2025-09-05 22:22:42
CONS_000487,AUD_000487,Opt-out,True,2023-12-08 14:52:25,2025-09-01 06:45:27
CONS_000488,AUD_000488,Opt-in,True,2025-04-21 07:44:39,2025-09-03 14:33:19
CONS_000489,AUD_000489,Expired,False,2023-11-15 04:04:56,2025-08-31 18:24:45
CONS_000490,AUD_000490,Opt-in,False,2024-08-07 09:23:09,2025-08-24 10:07:00
CONS_000491,AUD_000491,Opt-out,True,2025-06-12 19:17:02,2025-08-14 03:23:36
CONS_000492,AUD_000492,Opt-in,True,2023-10-15 17:01:12,2025-09-08 16:41:51
CONS_000493,AUD_000493,Opt-out,False,2024-03-04 10:16:49,2025-08-13 04:05:39
CONS_000494,AUD_000494,Opt-out,False,2025-01-17 22:33:01,2025-08-25 04:55:52
CONS_000495,AUD_000495,Opt-in,False,2023-12-17 18:20:19,2025-08-29 17:58:23
CONS_000496,AUD_000496,Opt-out,True,2025-09-09 00:31:27,2025-08-11 14:30:17
CONS_000497,AUD_000497,Opt-in,True,2024-07-03 06:43:37,2025-08-11 11:17:53
CONS_000498,AUD_000498,Opt-in,False,2023-11-05 12:31:13,2025-08-12 22:39:20
CONS_000499,AUD_000499,Opt-in,False,2025-03-10 23:00:58,2025-09-02 06:26:50
CONS_000500,AUD_000500,Expired,False,2024-09-06 23:52:05,2025-09-08 06:41:50
CONS_000501,AUD_000501,Opt-out,False,2025-09-03 03:59:07,2025-08-13 06:53:39
CONS_000502,AUD_000502,Opt-in,True,2025-08-11 18:26:11,2025-09-05 04:18:18
CONS_000503,AUD_000503,Opt-in,True,2025-04-01 00:50:04,2025-09-01 00:52:43
CONS_000504,AUD_000504,Opt-in,False,2024-09-27 07:03:30,2025-08-10 16:18:28
CONS_000505,AUD_000505,Opt-in,False,2025-07-06 19:56:37,2025-08-16 16:32:21
CONS_000506,AUD_000506,Opt-in,False,2023-09-29 19:45:58,2025-09-03 17:58:03
CONS_000507,AUD_000507,Opt-in,False,2024-11-11 06:34:28,2025-08-20 11:10:35
CONS_000508,AUD_000508,Opt-out,False,2024-07-09 09:28:12,2025-08-26 22:05:09
CONS_000509,AUD_000509,Opt-in,True,2025-05-13 20:58:04,2025-08-26 03:27:32
CONS_000510,AUD_000510,Opt-out,True,2023-09-20 00:08:19,2025-08-31 01:55:06
CONS_000511,AUD_000511,Expired,False,2024-05-11 03:21:32,2025-08-29 12:47:34
CONS_000512,AUD_000512,Opt-in,True,2024-09-07 11:52:25,2025-09-01 07:20:26
CONS_000513,AUD_000513,Opt-out,False,2025-05-03 05:56:59,2025-08-28 07:26:40
CONS_000514,AUD_000514,Opt-in,False,2025-08-11 11:55:48,2025-09-06 15:59:14
CONS_000515,AUD_000515,Opt-in,True,2025-07-10 14:22:05,2025-09-05 21:30:55
CONS_000516,AUD_000516,Opt-in,True,2025-01-18 21:59:18,2025-08-22 04:20:27
CONS_000517,AUD_000517,Opt-in,False,2024-11-28 12:57:48,2025-08-20 19:14:36
CONS_000518,AUD_000518,Opt-in,True,2025-06-18 02:57:34,2025-08-12 17:10:27
CONS_000519,AUD_000519,Opt-out,True,2024-11-24 02:56:46,2025-09-03 16:24:09
CONS_000520,AUD_000520,Opt-in,True,2025-06-07 03:25:03,2025-08-29 14:33:37
CONS_000521,AUD_000521,Opt-in,False,2024-11-03 04:46:00,2025-08-13 16:38:57
CONS_000522,AUD_000522,Expired,True,2024-04-10 18:22:43,2025-08-17 08:50:39
CONS_000523,AUD_000523,Expired,True,2024-10-01 05:55:10,2025-08-20 17:11:49
CONS_000524,AUD_000524,Opt-in,False,2023-09-29 16:22:58,2025-08-14 14:33:51
CONS_000525,AUD_000525,Opt-in,False,2025-09-07 04:32:13,2025-08-16 06:27:39
CONS_000526,AUD_000526,Opt-in,True,2025-04-27 08:08:02,2025-08-15 03:48:03
CONS_000527,AUD_000527,Opt-out,True,2024-02-14 19:19:57,2025-08-28 11:41:14
CONS_000528,AUD_000528,Opt-in,True,2023-12-27 09:10:15,2025-08-17 15:10:31
CONS_000529,AUD_000529,Opt-in,True,2024-03-29 04:37:02,2025-08-20 13:24:46
CONS_000530,AUD_000530,Opt-in,True,2023-11-05 10:50:18,2025-08-18 01:58:43
CONS_000531,AUD_000531,Opt-in,False,2023-10-07 01:27:09,2025-09-01 19:24:14
CONS_000532,AUD_000532,Opt-out,False,2025-02-24 20:36:50,2025-08-14 07:54:37
CONS_000533,AUD_000533,Opt-in,False,2024-10-05 18:49:58,2025-09-07 15:33:12
CONS_000534,AUD_000534,Opt-in,True,2023-10-11 17:03:53,2025-08-21 10:23:40
CONS_000535,AUD_000535,Opt-in,True,2023-09-25 22:38:47,2025-09-03 04:32:09
CONS_000536,AUD_000536,Opt-in,False,2024-03-01 21:52:37,2025-09-07 11:53:57
CONS_000537,AUD_000537,Pending,True,2024-07-19 08:33:46,2025-09-08 10:00:00
CONS_000538,AUD_000538,Opt-in,False,2025-03-06 08:53:52,2025-08-26 00:11:49
CONS_000539,AUD_000539,Opt-in,False,2023-11-19 11:56:08,2025-09-01 19:38:22
CONS_000540,AUD_000540,Opt-in,True,2024-07-17 18:49:58,2025-09-04 19:46:45
CONS_000541,AUD_000541,Pending,True,2025-07-26 18:50:27,2025-09-07 17:50:35
CONS_000542,AUD_000542,Opt-in,False,2025-06-10 01:16:42,2025-08-12 02:09:06
CONS_000543,AUD_000543,Opt-in,True,2025-06-17 10:22:29,2025-08-21 06:25:28
CONS_000544,AUD_000544,Opt-out,False,2024-06-26 20:15:35,2025-08-28 15:37:13
CONS_000545,AUD_000545,Opt-in,True,2025-04-29 16:39:05,2025-09-02 07:26:34
CONS_000546,AUD_000546,Opt-in,True,2024-06-18 09:58:14,2025-08-30 23:24:23
CONS_000547,AUD_000547,Opt-in,False,2023-11-02 11:36:57,2025-09-07 15:17:43
CONS_000548,AUD_000548,Pending,False,2024-02-12 19:27:54,2025-09-08 00:16:45
CONS_000549,AUD_000549,Opt-in,True,2025-03-23 18:31:50,2025-08-18 01:10:19
CONS_000550,AUD_000550,Opt-in,True,2024-05-16 00:25:04,2025-08-11 23:45:00
CONS_000551,AUD_000551,Opt-in,False,2024-07-20 04:15:14,2025-08-26 22:28:57
CONS_000552,AUD_000552,Pending,True,2024-07-24 21:12:20,2025-08-13 16:35:23
CONS_000553,AUD_000553,Opt-out,False,2024-12-10 16:25:13,2025-08-24 23:40:02
CONS_000554,AUD_000554,Expired,False,2025-03-20 10:56:36,2025-08-29 18:03:41
CONS_000555,AUD_000555,Opt-in,True,2023-12-23 12:33:03,2025-08-16 18:05:27
CONS_000556,AUD_000556,Expired,False,2024-09-27 07:22:29,2025-08-18 08:11:47
CONS_000557,AUD_000557,Opt-in,True,2025-03-10 16:22:28,2025-08-11 15:19:08
CONS_000558,AUD_000558,Opt-in,False,2024-03-05 03:52:00,2025-09-06 07:39:08
CONS_000559,AUD_000559,Pending,False,2023-09-14 01:09:17,2025-08-26 06:17:45
CONS_000560,AUD_000560,Opt-in,True,2024-08-02 01:14:47,2025-08-16 06:00:09
CONS_000561,AUD_000561,Opt-in,True,2024-04-15 06:56:45,2025-08-24 17:37:52
CONS_000562,AUD_000562,Opt-in,False,2025-01-09 09:59:01,2025-08-26 22:28:49
CONS_000563,AUD_000563,Opt-in,False,2025-06-23 20:19:57,2025-08-14 12:32:57
CONS_000564,AUD_000564,Opt-out,False,2023-10-14 02:18:19,2025-08-17 10:34:15
CONS_000565,AUD_000565,Opt-in,False,2024-06-09 16:03:15,2025-09-01 03:27:00
CONS_000566,AUD_000566,Opt-in,False,2023-10-19 09:50:48,2025-08-30 10:31:52
CONS_000567,AUD_000567,Opt-out,False,2024-08-05 01:08:47,2025-08-31 05:55:44
CONS_000568,AUD_000568,Opt-out,True,2024-11-25 13:49:20,2025-08-11 20:27:59
CONS_000569,AUD_000569,Opt-in,False,2024-06-05 05:53:13,2025-08-27 08:41:06
CONS_000570,AUD_000570,Opt-in,False,2025-02-07 22:30:00,2025-09-03 12:38:20
CONS_000571,AUD_000571,Opt-in,False,2024-04-06 00:51:55,2025-08-15 21:09:10
CONS_000572,AUD_000572,Opt-in,True,2023-09-21 22:37:14,2025-09-09 06:56:04
CONS_000573,AUD_000573,Opt-in,False,2025-09-03 12:15:26,2025-08-27 21:57:36
CONS_000574,AUD_000574,Opt-in,True,2024-01-09 07:36:10,2025-09-02 02:45:00
CONS_000575,AUD_000575,Opt-out,True,2025-02-06 22:13:28,2025-08-29 03:23:28
CONS_000576,AUD_000576,Opt-in,True,2024-12-10 09:08:06,2025-09-02 10:14:43
CONS_000577,AUD_000577,Opt-out,True,2024-11-01 12:14:38,2025-08-21 16:53:51
CONS_000578,AUD_000578,Opt-in,False,2025-04-02 04:57:37,2025-08-19 07:41:21
CONS_000579,AUD_000579,Opt-in,True,2024-10-17 21:33:06,2025-08-28 13:37:40
CONS_000580,AUD_000580,Opt-in,True,2024-11-21 15:42:57,2025-09-01 07:41:55
CONS_000581,AUD_000581,Opt-in,True,2025-01-17 13:43:33,2025-09-08 20:45:45
CONS_000582,AUD_000582,Opt-in,True,2024-08-08 10:56:10,2025-09-06 02:27:42
CONS_000583,AUD_000583,Expired,False,2024-04-13 04:15:54,2025-08-26 11:39:47
CONS_000584,AUD_000584,Opt-in,True,2024-06-03 17:45:17,2025-08-21 22:49:26
CONS_000585,AUD_000585,Expired,True,2025-08-05 08:10:35,2025-08-17 20:58:38
CONS_000586,AUD_000586,Opt-in,False,2024-05-08 14:04:17,2025-08-13 12:23:32
CONS_000587,AUD_000587,Opt-out,True,2023-09-25 22:58:55,2025-08-25 10:35:18
CONS_000588,AUD_000588,Opt-in,True,2024-04-23 10:20:50,2025-08-28 23:47:49
CONS_000589,AUD_000589,Opt-in,False,2025-08-22 01:42:37,2025-08-16 06:16:38
CONS_000590,AUD_000590,Opt-out,False,2024-01-16 06:26:21,2025-08-16 03:20:35
CONS_000591,AUD_000591,Opt-in,True,2024-01-23 10:40:38,2025-09-02 20:06:50
CONS_000592,AUD_000592,Opt-in,True,2025-04-30 13:33:31,2025-08-19 06:15:48
CONS_000593,AUD_000593,Opt-in,True,2023-12-22 13:42:44,2025-09-08 12:01:55
CONS_000594,AUD_000594,Opt-in,False,2024-07-01 12:04:12,2025-08-27 05:21:49
CONS_000595,AUD_000595,Opt-in,True,2025-07-25 19:46:53,2025-08-22 15:54:09
CONS_000596,AUD_000596,Opt-out,True,2025-02-02 04:37:26,2025-09-09 03:05:20
CONS_000597,AUD_000597,Opt-in,False,2024-08-20 16:50:22,2025-08-22 08:49:41
CONS_000598,AUD_000598,Opt-in,True,2023-12-05 08:40:07,2025-09-02 08:12:09
CONS_000599,AUD_000599,Opt-in,False,2025-08-20 05:42:51,2025-08-11 08:14:50
CONS_000600,AUD_000600,Pending,True,2024-07-29 01:55:33,2025-09-01 21:45:06
CONS_000601,AUD_000601,Opt-in,True,2024-04-23 08:44:36,2025-09-07 17:15:19
CONS_000602,AUD_000602,Opt-in,False,2025-02-20 05:46:59,2025-08-26 00:40:05
CONS_000603,AUD_000603,Opt-in,True,2024-02-18 07:38:03,2025-08-30 12:46:41
CONS_000604,AUD_000604,Opt-in,False,2024-11-23 04:19:21,2025-08-21 06:46:12
CONS_000605,AUD_000605,Opt-out,True,2024-03-06 12:29:00,2025-09-07 22:19:11
CONS_000606,AUD_000606,Opt-in,True,2023-12-20 13:11:48,2025-09-06 08:09:36
CONS_000607,AUD_000607,Opt-in,False,2025-03-16 01:07:36,2025-09-04 12:10:19
CONS_000608,AUD_000608,Pending,True,2025-08-26 12:16:59,2025-09-04 06:26:33
CONS_000609,AUD_000609,Opt-in,False,2025-06-26 10:06:24,2025-09-08 05:29:15
CONS_000610,AUD_000610,Opt-in,False,2025-06-19 03:27:57,2025-08-13 23:05:33
CONS_000611,AUD_000611,Opt-out,True,2023-12-23 10:06:24,2025-08-31 06:46:32
CONS_000612,AUD_000612,Opt-in,False,2024-11-28 17:35:44,2025-08-20 16:02:14
CONS_000613,AUD_000613,Opt-out,True,2024-10-15 09:10:16,2025-09-04 21:31:56
CONS_000614,AUD_000614,Opt-in,True,2023-12-26 21:57:32,2025-08-28 03:26:29
CONS_000615,AUD_000615,Opt-in,False,2024-05-29 07:05:08,2025-08-30 17:23:30
CONS_000616,AUD_000616,Opt-out,False,2024-07-23 08:30:11,2025-08-18 09:49:13
CONS_000617,AUD_000617,Opt-in,True,2025-04-04 10:57:34,2025-08-21 21:37:30
CONS_000618,AUD_000618,Opt-out,True,2024-06-12 14:01:14,2025-08-22 15:15:31
CONS_000619,AUD_000619,Opt-in,True,2023-11-02 13:48:05,2025-09-04 07:18:26
CONS_000620,AUD_000620,Opt-in,False,2023-09-21 07:54:02,2025-08-24 21:15:42
CONS_000621,AUD_000621,Pending,False,2024-07-17 08:59:00,2025-08-30 14:07:16
CONS_000622,AUD_000622,Opt-in,True,2025-01-22 23:13:47,2025-08-14 19:11:21
CONS_000623,AUD_000623,Opt-in,False,2024-01-27 08:05:39,2025-08-26 06:47:46
CONS_000624,AUD_000624,Opt-in,False,2024-10-31 15:04:32,2025-09-08 20:12:50
CONS_000625,AUD_000625,Expired,True,2025-03-11 05:39:44,2025-08-17 23:39:45
CONS_000626,AUD_000626,Opt-out,False,2024-01-28 14:49:45,2025-08-18 10:32:47
CONS_000627,AUD_000627,Opt-in,False,2024-10-09 16:47:37,2025-08-17 15:30:19
CONS_000628,AUD_000628,Opt-in,False,2025-04-13 17:09:38,2025-08-19 18:00:27
CONS_000629,AUD_000629,Opt-out,True,2024-09-16 00:30:01,2025-08-29 05:01:21
CONS_000630,AUD_000630,Opt-in,True,2023-10-10 00:55:13,2025-08-11 07:28:47
CONS_000631,AUD_000631,Opt-in,False,2025-08-10 15:51:06,2025-08-24 18:43:59
CONS_000632,AUD_000632,Opt-in,True,2024-02-20 18:06:16,2025-08-10 14:57:44
CONS_000633,AUD_000633,Opt-in,False,2025-05-24 12:57:09,2025-08-23 10:55:53
CONS_000634,AUD_000634,Opt-out,True,2024-06-21 14:51:48,2025-09-05 23:38:27
CONS_000635,AUD_000635,Opt-in,False,2023-10-26 03:06:42,2025-08-12 01:58:53
CONS_000636,AUD_000636,Opt-in,False,2025-05-11 00:52:36,2025-09-02 07:48:56
CONS_000637,AUD_000637,Opt-in,True,2024-09-12 06:35:20,2025-08-12 16:18:49
CONS_000638,AUD_000638,Opt-out,False,2025-01-10 07:09:08,2025-09-03 20:34:43
CONS_000639,AUD_000639,Opt-in,True,2024-05-11 20:41:12,2025-09-08 12:18:26
CONS_000640,AUD_000640,Pending,False,2025-05-26 04:13:57,2025-08-11 20:46:20
CONS_000641,AUD_000641,Opt-out,False,2023-10-28 18:29:23,2025-08-26 06:17:51
CONS_000642,AUD_000642,Pending,True,2024-11-30 05:41:51,2025-08-18 19:19:50
CONS_000643,AUD_000643,Opt-in,True,2024-04-11 08:14:19,2025-08-28 14:58:37
CONS_000644,AUD_000644,Opt-in,True,2025-05-28 15:34:25,2025-08-20 01:40:32
CONS_000645,AUD_000645,Opt-in,False,2024-08-06 05:13:52,2025-09-02 15:18:13
CONS_000646,AUD_000646,Opt-in,True,2025-06-01 08:15:15,2025-08-26 01:58:27
CONS_000647,AUD_000647,Opt-in,False,2025-06-07 20:55:15,2025-09-07 21:51:28
CONS_000648,AUD_000648,Expired,False,2024-12-22 03:23:43,2025-08-29 05:41:48
CONS_000649,AUD_000649,Opt-in,False,2023-10-17 03:30:51,2025-08-21 11:29:33
CONS_000650,AUD_000650,Opt-in,True,2024-12-18 19:19:23,2025-08-18 12:45:36
CONS_000651,AUD_000651,Opt-in,True,2025-06-25 07:15:37,2025-08-23 15:32:25
CONS_000652,AUD_000652,Opt-in,True,2024-11-20 13:52:27,2025-08-22 03:36:14
CONS_000653,AUD_000653,Opt-out,True,2023-10-22 21:37:17,2025-09-07 17:10:58
CONS_000654,AUD_000654,Opt-out,False,2025-06-17 19:06:10,2025-09-01 05:00:28
CONS_000655,AUD_000655,Opt-in,False,2025-03-20 09:26:36,2025-08-22 18:39:28
CONS_000656,AUD_000656,Opt-in,True,2023-12-14 08:22:37,2025-08-14 13:03:06
CONS_000657,AUD_000657,Pending,True,2023-09-24 15:15:19,2025-09-03 09:18:46
CONS_000658,AUD_000658,Opt-in,True,2025-03-07 21:47:34,2025-08-25 04:34:49
CONS_000659,AUD_000659,Pending,True,2024-12-09 23:06:00,2025-08-24 15:39:11
CONS_000660,AUD_000660,Opt-in,False,2024-06-17 02:14:34,2025-08-11 20:36:47
CONS_000661,AUD_000661,Opt-in,True,2024-01-05 22:29:55,2025-08-31 09:45:16
CONS_000662,AUD_000662,Opt-in,True,2024-11-22 17:46:37,2025-09-02 12:02:03
CONS_000663,AUD_000663,Opt-in,False,2024-03-20 19:35:47,2025-08-22 08:18:48
CONS_000664,AUD_000664,Opt-in,True,2024-09-26 22:25:39,2025-08-26 10:25:07
CONS_000665,AUD_000665,Opt-in,False,2023-10-29 10:52:57,2025-08-16 06:51:58
CONS_000666,AUD_000666,Opt-in,False,2024-02-05 08:59:19,2025-08-17 09:23:39
CONS_000667,AUD_000667,Opt-in,False,2025-07-25 14:44:49,2025-09-08 01:17:30
CONS_000668,AUD_000668,Opt-in,True,2024-04-26 19:03:33,2025-08-31 21:00:51
CONS_000669,AUD_000669,Opt-in,False,2024-01-13 10:32:46,2025-08-20 18:29:10
CONS_000670,AUD_000670,Opt-in,False,2025-08-11 23:14:30,2025-08-13 16:32:46
CONS_000671,AUD_000671,Opt-in,True,2024-10-12 01:09:40,2025-08-12 19:15:40
CONS_000672,AUD_000672,Expired,False,2023-09-18 04:42:35,2025-09-04 21:56:43
CONS_000673,AUD_000673,Opt-in,True,2025-06-27 18:44:56,2025-08-15 08:32:57
CONS_000674,AUD_000674,Pending,False,2023-11-23 15:17:44,2025-08-28 12:22:49
CONS_000675,AUD_000675,Pending,True,2023-09-10 18:24:35,2025-08-13 19:21:33
CONS_000676,AUD_000676,Opt-in,False,2025-03-11 04:11:20,2025-08-17 13:36:47
CONS_000677,AUD_000677,Opt-in,True,2024-09-19 03:11:28,2025-08-30 12:24:30
CONS_000678,AUD_000678,Opt-in,True,2023-12-16 01:09:16,2025-08-25 07:12:41
CONS_000679,AUD_000679,Expired,False,2024-11-02 00:51:55,2025-08-20 18:38:51
CONS_000680,AUD_000680,Expired,True,2023-12-07 22:49:18,2025-08-16 23:24:55
CONS_000681,AUD_000681,Opt-in,False,2023-11-03 16:38:24,2025-08-30 11:08:36
CONS_000682,AUD_000682,Opt-in,False,2024-04-14 00:57:00,2025-08-18 08:47:01
CONS_000683,AUD_000683,Opt-out,False,2023-10-16 07:58:48,2025-09-08 06:21:50
CONS_000684,AUD_000684,Opt-in,True,2025-06-02 13:19:42,2025-08-20 02:50:56
CONS_000685,AUD_000685,Opt-out,True,2023-12-22 05:59:04,2025-08-22 07:05:47
CONS_000686,AUD_000686,Opt-in,True,2024-09-16 22:10:44,2025-09-08 14:53:21
CONS_000687,AUD_000687,Opt-in,False,2023-11-18 10:11:50,2025-08-18 16:33:17
CONS_000688,AUD_000688,Opt-in,False,2025-09-05 17:25:34,2025-08-17 12:33:29
CONS_000689,AUD_000689,Opt-in,True,2024-02-06 23:57:04,2025-08-17 22:21:48
CONS_000690,AUD_000690,Opt-out,False,2023-11-23 14:34:30,2025-08-24 12:57:33
CONS_000691,AUD_000691,Opt-in,False,2023-11-28 11:23:03,2025-08-14 16:20:58
CONS_000692,AUD_000692,Opt-in,False,2024-08-13 13:37:32,2025-09-03 03:44:50
CONS_000693,AUD_000693,Opt-in,True,2025-01-09 12:57:16,2025-08-15 12:54:06
CONS_000694,AUD_000694,Opt-in,True,2024-01-24 16:21:05,2025-08-10 20:21:45
CONS_000695,AUD_000695,Opt-in,False,2024-01-06 07:20:55,2025-08-13 04:42:22
CONS_000696,AUD_000696,Opt-out,False,2024-09-03 06:40:21,2025-09-04 01:07:47
CONS_000697,AUD_000697,Opt-in,True,2024-10-05 21:16:03,2025-08-15 21:35:42
CONS_000698,AUD_000698,Opt-in,False,2024-12-12 01:29:11,2025-08-18 06:15:48
CONS_000699,AUD_000699,Opt-in,True,2025-07-20 18:07:53,2025-08-23 00:34:39
CONS_000700,AUD_000700,Opt-in,False,2024-11-01 08:49:10,2025-08-20 15:10:18
CONS_000701,AUD_000701,Opt-out,False,2025-05-08 03:26:50,2025-09-02 23:02:12
CONS_000702,AUD_000702,Opt-in,False,2025-01-23 18:38:41,2025-08-23 13:34:59
CONS_000703,AUD_000703,Opt-in,False,2025-03-16 16:18:11,2025-09-05 10:12:46
CONS_000704,AUD_000704,Opt-in,False,2024-02-26 12:24:33,2025-09-04 02:30:16
CONS_000705,AUD_000705,Opt-in,False,2024-03-05 20:08:51,2025-08-13 21:03:44
CONS_000706,AUD_000706,Opt-out,False,2024-09-20 14:20:03,2025-08-26 17:36:04
CONS_000707,AUD_000707,Opt-in,False,2025-09-06 10:42:16,2025-08-22 16:20:20
CONS_000708,AUD_000708,Pending,False,2024-05-14 12:17:22,2025-08-27 14:25:08
CONS_000709,AUD_000709,Opt-in,False,2024-08-03 16:01:22,2025-09-01 14:11:53
CONS_000710,AUD_000710,Opt-in,False,2024-09-04 04:35:09,2025-08-31 12:18:09
CONS_000711,AUD_000711,Expired,True,2024-10-11 23:38:09,2025-08-29 12:39:39
CONS_000712,AUD_000712,Opt-in,False,2024-06-30 11:00:10,2025-09-07 05:47:19
CONS_000713,AUD_000713,Opt-in,True,2023-12-06 07:03:52,2025-08-24 18:39:50
CONS_000714,AUD_000714,Opt-in,False,2023-10-25 00:33:03,2025-09-05 06:07:25
CONS_000715,AUD_000715,Opt-in,False,2024-09-06 20:19:44,2025-09-06 10:29:52
CONS_000716,AUD_000716,Opt-in,False,2024-09-22 18:29:32,2025-09-03 15:44:55
CONS_000717,AUD_000717,Opt-in,False,2025-05-30 07:14:35,2025-08-10 21:24:19
CONS_000718,AUD_000718,Opt-in,True,2025-03-21 12:56:38,2025-08-21 17:04:36
CONS_000719,AUD_000719,Opt-in,True,2023-12-24 06:39:40,2025-08-30 04:41:18
CONS_000720,AUD_000720,Opt-in,False,2024-01-13 05:08:46,2025-08-17 03:29:12
CONS_000721,AUD_000721,Opt-in,False,2024-05-22 10:04:32,2025-08-30 15:28:06
CONS_000722,AUD_000722,Pending,False,2023-11-12 08:18:22,2025-08-22 05:29:22
CONS_000723,AUD_000723,Opt-in,False,2025-06-09 01:07:44,2025-08-21 09:49:18
CONS_000724,AUD_000724,Pending,True,2025-03-30 20:20:00,2025-08-26 14:24:23
CONS_000725,AUD_000725,Opt-in,True,2024-08-01 22:39:33,2025-08-13 13:48:05
CONS_000726,AUD_000726,Opt-in,False,2024-03-21 19:28:17,2025-08-27 12:15:49
CONS_000727,AUD_000727,Opt-out,True,2025-02-26 03:29:28,2025-08-26 02:42:56
CONS_000728,AUD_000728,Opt-in,False,2025-03-25 14:15:11,2025-08-15 15:42:26
CONS_000729,AUD_000729,Opt-in,True,2025-08-27 01:41:33,2025-08-14 14:10:06
CONS_000730,AUD_000730,Opt-in,False,2024-10-28 23:18:11,2025-09-08 11:53:33
CONS_000731,AUD_000731,Opt-in,True,2025-03-14 13:13:29,2025-09-08 01:47:40
CONS_000732,AUD_000732,Opt-out,True,2024-10-21 10:08:07,2025-08-26 10:56:22
CONS_000733,AUD_000733,Opt-out,True,2025-01-20 04:29:41,2025-08-17 11:37:50
CONS_000734,AUD_000734,Opt-in,False,2024-12-08 12:53:20,2025-08-26 16:24:37
CONS_000735,AUD_000735,Opt-in,True,2025-04-04 06:33:11,2025-09-05 11:17:19
CONS_000736,AUD_000736,Opt-in,True,2025-08-06 04:21:19,2025-08-14 05:37:19
CONS_000737,AUD_000737,Opt-out,False,2025-07-11 23:53:58,2025-09-04 22:54:03
CONS_000738,AUD_000738,Opt-in,False,2025-04-15 05:58:46,2025-09-07 23:16:50
CONS_000739,AUD_000739,Opt-in,True,2025-01-27 10:29:27,2025-08-17 07:43:41
CONS_000740,AUD_000740,Opt-in,False,2025-05-16 21:58:33,2025-08-23 10:08:29
CONS_000741,AUD_000741,Pending,False,2025-02-16 10:27:46,2025-08-31 22:20:00
CONS_000742,AUD_000742,Opt-in,True,2024-03-11 11:47:09,2025-09-08 12:00:00
CONS_000743,AUD_000743,Opt-out,False,2024-12-26 17:43:35,2025-08-19 08:55:53
CONS_000744,AUD_000744,Opt-in,True,2024-11-25 12:20:35,2025-09-04 19:29:25
CONS_000745,AUD_000745,Opt-in,False,2024-11-28 12:44:30,2025-08-27 00:49:19
CONS_000746,AUD_000746,Opt-in,True,2023-10-28 14:53:43,2025-08-12 22:45:46
CONS_000747,AUD_000747,Opt-in,False,2024-05-20 13:50:50,2025-08-29 05:02:24
CONS_000748,AUD_000748,Opt-in,True,2024-09-14 22:17:03,2025-09-08 07:13:20
CONS_000749,AUD_000749,Opt-in,False,2025-03-11 18:50:53,2025-08-11 12:02:54
CONS_000750,AUD_000750,Opt-in,True,2024-12-31 10:56:40,2025-08-13 04:16:19
CONS_000751,AUD_000751,Opt-in,True,2025-07-15 16:36:34,2025-08-17 11:40:30
CONS_000752,AUD_000752,Opt-out,False,2024-10-11 12:36:28,2025-08-23 20:31:47
CONS_000753,AUD_000753,Opt-out,True,2024-08-24 01:50:59,2025-08-26 14:32:50
CONS_000754,AUD_000754,Opt-out,True,2025-08-20 01:37:57,2025-08-16 00:44:26
CONS_000755,AUD_000755,Opt-in,True,2025-07-23 04:16:37,2025-08-23 23:43:02
CONS_000756,AUD_000756,Opt-in,False,2024-06-14 03:43:36,2025-08-12 18:25:36
CONS_000757,AUD_000757,Opt-in,True,2024-12-01 15:58:37,2025-09-01 00:14:49
CONS_000758,AUD_000758,Opt-in,False,2025-01-06 22:09:36,2025-08-24 06:29:06
CONS_000759,AUD_000759,Opt-in,False,2024-11-29 01:02:24,2025-08-25 04:51:07
CONS_000760,AUD_000760,Opt-in,True,2024-10-10 01:42:21,2025-09-05 03:19:47
CONS_000761,AUD_000761,Opt-in,True,2024-11-02 21:08:22,2025-08-23 12:31:38
CONS_000762,AUD_000762,Pending,True,2024-09-07 09:40:25,2025-09-04 19:02:27
CONS_000763,AUD_000763,Opt-in,False,2025-05-13 11:18:04,2025-08-14 07:30:13
CONS_000764,AUD_000764,Opt-in,True,2024-09-21 04:38:24,2025-08-16 07:30:12
CONS_000765,AUD_000765,Opt-in,False,2025-09-05 04:30:53,2025-08-11 13:45:44
CONS_000766,AUD_000766,Opt-in,True,2024-12-23 00:59:16,2025-08-19 23:24:55
CONS_000767,AUD_000767,Opt-in,True,2024-09-27 05:31:43,2025-08-22 09:15:36
CONS_000768,AUD_000768,Opt-in,False,2024-01-24 09:08:53,2025-08-29 04:25:00
CONS_000769,AUD_000769,Pending,False,2024-03-01 18:57:03,2025-08-11 23:37:14
CONS_000770,AUD_000770,Opt-in,False,2024-03-25 00:53:08,2025-08-11 07:47:56
CONS_000771,AUD_000771,Opt-in,True,2025-06-24 13:42:35,2025-08-21 05:43:48
CONS_000772,AUD_000772,Opt-in,False,2025-09-05 09:26:24,2025-08-21 20:32:56
CONS_000773,AUD_000773,Opt-in,False,2024-12-05 16:35:55,2025-08-30 23:54:49
CONS_000774,AUD_000774,Opt-in,False,2024-10-29 22:32:33,2025-08-11 08:19:45
CONS_000775,AUD_000775,Opt-in,False,2023-12-10 13:12:54,2025-08-18 19:34:57
CONS_000776,AUD_000776,Opt-in,False,2024-10-09 22:05:05,2025-09-02 18:42:20
CONS_000777,AUD_000777,Opt-in,False,2024-05-17 13:10:35,2025-08-21 15:56:01
CONS_000778,AUD_000778,Opt-in,True,2024-03-11 19:23:50,2025-09-07 10:55:08
CONS_000779,AUD_000779,Opt-out,True,2024-06-23 10:40:12,2025-08-28 05:39:40
CONS_000780,AUD_000780,Opt-in,False,2024-01-31 14:04:18,2025-08-21 00:26:49
CONS_000781,AUD_000781,Opt-out,True,2025-04-27 13:02:32,2025-08-19 06:04:14
CONS_000782,AUD_000782,Opt-in,True,2024-12-19 09:18:36,2025-08-29 10:42:57
CONS_000783,AUD_000783,Pending,False,2023-12-16 14:08:53,2025-08-26 09:49:08
CONS_000784,AUD_000784,Opt-in,True,2024-11-03 22:43:29,2025-08-18 12:08:04
CONS_000785,AUD_000785,Opt-in,True,2024-06-22 03:20:39,2025-09-05 10:03:40
CONS_000786,AUD_000786,Opt-in,False,2025-06-03 19:42:39,2025-08-16 06:21:41
CONS_000787,AUD_000787,Opt-out,False,2025-08-11 13:47:22,2025-09-07 03:23:16
CONS_000788,AUD_000788,Opt-in,True,2025-07-23 15:20:56,2025-08-20 15:12:24
CONS_000789,AUD_000789,Opt-in,True,2024-01-08 10:56:16,2025-08-12 19:35:23
CONS_000790,AUD_000790,Opt-in,False,2025-01-19 05:08:57,2025-08-20 06:20:48
CONS_000791,AUD_000791,Opt-in,False,2024-10-03 13:08:16,2025-08-20 13:33:07
CONS_000792,AUD_000792,Opt-in,True,2025-09-01 16:13:49,2025-08-24 22:15:02
CONS_000793,AUD_000793,Pending,False,2025-07-08 14:44:39,2025-08-20 17:29:06
CONS_000794,AUD_000794,Opt-in,True,2024-01-10 20:00:52,2025-08-27 16:35:32
CONS_000795,AUD_000795,Opt-in,False,2024-07-01 02:14:43,2025-08-28 02:26:32
CONS_000796,AUD_000796,Opt-out,True,2025-06-05 07:29:22,2025-08-17 02:18:26
CONS_000797,AUD_000797,Opt-in,False,2024-10-01 03:20:01,2025-09-02 21:05:03
CONS_000798,AUD_000798,Opt-in,False,2024-06-06 13:34:54,2025-08-17 03:13:53
CONS_000799,AUD_000799,Opt-out,True,2025-09-03 04:06:49,2025-08-25 13:29:57
CONS_000800,AUD_000800,Opt-in,False,2024-10-23 04:18:28,2025-08-22 03:57:02
CONS_000801,AUD_000801,Opt-out,False,2024-06-03 11:09:45,2025-09-07 23:26:42
CONS_000802,AUD_000802,Opt-in,False,2024-09-01 20:37:38,2025-08-18 07:31:27
CONS_000803,AUD_000803,Opt-in,True,2024-06-18 09:52:56,2025-09-04 22:21:38
CONS_000804,AUD_000804,Expired,False,2024-05-04 05:20:47,2025-08-28 17:23:20
CONS_000805,AUD_000805,Opt-in,False,2025-03-15 07:10:50,2025-09-02 14:50:06
CONS_000806,AUD_000806,Opt-in,True,2024-04-07 03:51:07,2025-08-18 06:42:06
CONS_000807,AUD_000807,Expired,False,2023-09-15 23:27:56,2025-08-19 15:02:19
CONS_000808,AUD_000808,Opt-in,True,2024-12-08 08:23:29,2025-09-05 18:15:10
CONS_000809,AUD_000809,Opt-in,True,2025-06-23 22:49:29,2025-09-04 03:47:21
CONS_000810,AUD_000810,Opt-in,True,2023-11-03 19:40:54,2025-09-04 09:35:55
CONS_000811,AUD_000811,Opt-in,False,2025-07-08 13:27:26,2025-08-28 09:33:12
CONS_000812,AUD_000812,Opt-in,True,2024-01-08 17:49:46,2025-08-16 09:39:33
CONS_000813,AUD_000813,Opt-in,True,2025-05-10 12:51:45,2025-08-20 10:28:32
CONS_000814,AUD_000814,Opt-in,False,2024-02-29 17:18:30,2025-09-03 05:33:28
CONS_000815,AUD_000815,Opt-in,False,2023-11-12 05:10:15,2025-08-21 08:30:49
CONS_000816,AUD_000816,Opt-in,False,2024-06-24 10:27:05,2025-08-13 01:46:55
CONS_000817,AUD_000817,Opt-in,True,2024-04-11 19:01:14,2025-08-13 15:41:20
CONS_000818,AUD_000818,Opt-in,False,2025-05-06 13:48:47,2025-08-16 11:55:36
CONS_000819,AUD_000819,Opt-in,True,2024-02-15 13:01:56,2025-08-15 15:11:59
CONS_000820,AUD_000820,Opt-in,True,2024-12-05 13:48:07,2025-08-16 20:41:22
CONS_000821,AUD_000821,Opt-in,True,2024-07-12 15:37:39,2025-09-01 06:19:07
CONS_000822,AUD_000822,Opt-out,False,2025-08-04 09:10:59,2025-08-13 08:23:05
CONS_000823,AUD_000823,Pending,False,2025-04-15 13:18:51,2025-08-23 20:20:53
CONS_000824,AUD_000824,Pending,True,2024-04-29 01:43:23,2025-08-10 21:50:01
CONS_000825,AUD_000825,Opt-in,True,2024-12-06 14:10:37,2025-09-08 00:14:19
CONS_000826,AUD_000826,Opt-in,False,2023-12-28 16:46:48,2025-09-05 08:32:20
CONS_000827,AUD_000827,Opt-in,True,2025-04-18 04:00:52,2025-08-18 22:22:39
CONS_000828,AUD_000828,Opt-in,False,2025-03-25 08:27:25,2025-08-13 01:00:41
CONS_000829,AUD_000829,Opt-in,False,2025-03-30 03:38:21,2025-08-15 17:56:47
CONS_000830,AUD_000830,Opt-in,True,2024-06-15 23:14:53,2025-08-26 07:18:19
CONS_000831,AUD_000831,Opt-in,True,2025-09-07 16:06:38,2025-08-31 07:26:58
CONS_000832,AUD_000832,Opt-in,False,2024-09-26 17:51:52,2025-08-27 06:32:32
CONS_000833,AUD_000833,Pending,False,2024-11-25 03:07:48,2025-09-04 11:24:34
CONS_000834,AUD_000834,Opt-in,True,2025-03-16 14:18:43,2025-08-10 15:06:57
CONS_000835,AUD_000835,Opt-in,True,2024-05-30 22:45:28,2025-08-17 11:28:47
CONS_000836,AUD_000836,Opt-in,False,2024-09-19 20:02:02,2025-08-27 03:53:32
CONS_000837,AUD_000837,Opt-out,True,2025-03-23 07:51:58,2025-08-22 11:51:07
CONS_000838,AUD_000838,Opt-in,False,2025-06-21 06:19:06,2025-09-07 11:35:52
CONS_000839,AUD_000839,Opt-in,True,2024-10-21 08:02:10,2025-09-06 19:33:20
CONS_000840,AUD_000840,Opt-in,False,2025-03-29 19:19:28,2025-08-22 21:51:09
CONS_000841,AUD_000841,Opt-out,False,2025-08-07 23:26:23,2025-09-05 08:22:39
CONS_000842,AUD_000842,Pending,True,2024-11-09 10:22:07,2025-08-22 21:26:30
CONS_000843,AUD_000843,Opt-in,False,2025-03-14 01:26:00,2025-08-26 14:17:29
CONS_000844,AUD_000844,Expired,False,2024-04-01 11:46:47,2025-09-05 07:20:22
CONS_000845,AUD_000845,Opt-in,False,2023-12-20 07:52:14,2025-08-31 14:39:57
CONS_000846,AUD_000846,Opt-in,True,2024-09-16 21:07:23,2025-09-08 22:08:36
CONS_000847,AUD_000847,Pending,True,2025-06-23 10:37:41,2025-08-18 19:35:40
CONS_000848,AUD_000848,Opt-in,False,2024-12-14 21:55:59,2025-09-01 09:57:07
CONS_000849,AUD_000849,Opt-out,True,2024-07-14 11:05:34,2025-08-21 08:08:37
CONS_000850,AUD_000850,Pending,False,2025-06-04 04:29:53,2025-09-03 01:21:01
CONS_000851,AUD_000851,Opt-in,False,2025-05-16 18:41:25,2025-08-19 01:39:22
CONS_000852,AUD_000852,Opt-in,False,2024-09-10 21:51:31,2025-08-19 13:32:34
CONS_000853,AUD_000853,Opt-in,True,2024-12-01 22:15:16,2025-08-13 23:42:22
CONS_000854,AUD_000854,Opt-in,False,2023-11-10 00:02:42,2025-08-31 05:21:45
CONS_000855,AUD_000855,Pending,True,2025-08-29 18:14:13,2025-08-11 04:33:27
CONS_000856,AUD_000856,Opt-in,False,2025-07-22 04:58:42,2025-08-10 14:46:41
CONS_000857,AUD_000857,Opt-in,True,2023-10-09 04:35:56,2025-08-15 02:33:06
CONS_000858,AUD_000858,Opt-in,False,2024-04-21 10:07:54,2025-08-29 14:28:17
CONS_000859,AUD_000859,Opt-out,True,2024-11-11 10:47:51,2025-09-05 18:43:34
CONS_000860,AUD_000860,Opt-in,False,2023-11-02 12:49:14,2025-08-17 12:29:45
CONS_000861,AUD_000861,Opt-in,False,2024-12-22 13:30:34,2025-09-04 04:51:40
CONS_000862,AUD_000862,Opt-in,False,2025-09-03 00:05:56,2025-08-13 21:36:03
CONS_000863,AUD_000863,Opt-in,False,2024-05-05 09:25:10,2025-08-19 22:47:02
CONS_000864,AUD_000864,Opt-in,True,2024-02-09 12:27:29,2025-08-20 03:32:09
CONS_000865,AUD_000865,Opt-in,True,2024-08-26 05:08:39,2025-08-26 01:57:33
CONS_000866,AUD_000866,Opt-in,False,2024-12-15 19:45:12,2025-08-23 04:45:51
CONS_000867,AUD_000867,Opt-in,True,2025-03-02 06:45:01,2025-08-30 21:18:32
CONS_000868,AUD_000868,Opt-in,True,2024-04-04 16:22:00,2025-08-18 23:00:50
CONS_000869,AUD_000869,Opt-in,False,2024-09-23 21:19:35,2025-08-28 22:26:49
CONS_000870,AUD_000870,Opt-in,False,2024-06-18 01:56:17,2025-08-29 00:38:44
CONS_000871,AUD_000871,Opt-in,True,2025-02-14 15:30:49,2025-08-14 18:00:17
CONS_000872,AUD_000872,Opt-in,True,2025-08-13 11:42:07,2025-08-31 03:19:56
CONS_000873,AUD_000873,Expired,True,2025-07-25 04:26:07,2025-08-23 02:53:05
CONS_000874,AUD_000874,Opt-in,False,2025-06-27 14:27:12,2025-09-03 02:13:43
CONS_000875,AUD_000875,Opt-in,False,2025-02-16 13:28:25,2025-08-19 04:59:37
CONS_000876,AUD_000876,Expired,True,2024-07-08 02:55:43,2025-09-01 20:02:27
CONS_000877,AUD_000877,Opt-in,False,2023-12-14 03:15:26,2025-09-04 19:21:58
CONS_000878,AUD_000878,Opt-in,False,2025-08-29 07:47:35,2025-08-31 12:55:31
CONS_000879,AUD_000879,Opt-out,False,2025-07-12 11:22:36,2025-08-19 01:34:13
CONS_000880,AUD_000880,Opt-in,False,2025-08-03 17:04:19,2025-08-12 12:22:47
CONS_000881,AUD_000881,Opt-out,True,2024-02-16 21:19:03,2025-09-03 20:02:28
CONS_000882,AUD_000882,Opt-in,False,2025-02-07 22:49:31,2025-09-03 15:50:15
CONS_000883,AUD_000883,Opt-in,True,2023-11-26 16:57:39,2025-08-14 10:33:19
CONS_000884,AUD_000884,Opt-out,False,2025-05-12 22:55:34,2025-08-14 05:12:19
CONS_000885,AUD_000885,Pending,False,2024-11-26 05:32:27,2025-09-05 18:54:39
CONS_000886,AUD_000886,Opt-in,False,2024-12-24 09:15:49,2025-08-29 05:38:57
CONS_000887,AUD_000887,Opt-in,True,2024-12-08 23:56:29,2025-08-12 04:44:29
CONS_000888,AUD_000888,Opt-in,False,2025-03-02 09:13:35,2025-09-05 23:49:11
CONS_000889,AUD_000889,Opt-in,True,2024-09-23 17:30:00,2025-08-22 21:20:15
CONS_000890,AUD_000890,Opt-in,False,2024-09-01 18:58:33,2025-08-16 13:07:18
CONS_000891,AUD_000891,Opt-in,True,2024-10-17 22:22:57,2025-08-20 18:40:40
CONS_000892,AUD_000892,Opt-in,False,2024-10-03 03:54:09,2025-09-02 10:27:57
CONS_000893,AUD_000893,Opt-in,False,2024-07-01 08:47:49,2025-08-31 14:42:46
CONS_000894,AUD_000894,Opt-in,False,2025-01-07 23:49:43,2025-08-15 17:40:13
CONS_000895,AUD_000895,Opt-in,False,2024-01-20 07:31:37,2025-08-20 22:20:09
CONS_000896,AUD_000896,Opt-in,True,2024-08-14 08:07:58,2025-08-18 05:43:05
CONS_000897,AUD_000897,Opt-out,False,2025-08-20 22:25:08,2025-08-27 06:56:33
CONS_000898,AUD_000898,Opt-in,False,2024-03-22 08:06:57,2025-08-14 11:57:09
CONS_000899,AUD_000899,Opt-in,False,2024-01-01 09:34:45,2025-08-27 13:33:01
CONS_000900,AUD_000900,Opt-in,False,2023-10-04 07:04:03,2025-08-14 16:50:01
CONS_000901,AUD_000901,Opt-in,True,2023-11-15 07:10:24,2025-09-03 22:16:25
CONS_000902,AUD_000902,Opt-out,False,2025-05-26 11:45:20,2025-09-01 16:26:30
CONS_000903,AUD_000903,Opt-out,False,2024-06-15 14:08:41,2025-08-30 03:48:03
CONS_000904,AUD_000904,Opt-in,False,2024-03-04 10:09:04,2025-08-13 11:53:33
CONS_000905,AUD_000905,Opt-in,False,2023-10-19 04:31:22,2025-09-05 11:58:28
CONS_000906,AUD_000906,Opt-in,True,2025-02-15 18:41:51,2025-09-08 05:43:30
CONS_000907,AUD_000907,Opt-in,True,2024-12-24 14:02:11,2025-08-15 16:40:04
CONS_000908,AUD_000908,Opt-in,False,2024-08-09 03:50:02,2025-08-16 21:07:19
CONS_000909,AUD_000909,Opt-in,False,2024-07-29 17:51:04,2025-08-31 22:39:09
CONS_000910,AUD_000910,Pending,True,2024-02-16 00:50:30,2025-08-27 08:42:06
CONS_000911,AUD_000911,Opt-out,True,2024-11-08 16:37:34,2025-08-16 00:17:58
CONS_000912,AUD_000912,Expired,True,2025-05-14 01:35:51,2025-08-11 07:20:40
CONS_000913,AUD_000913,Opt-in,True,2024-01-21 03:13:14,2025-08-15 02:00:38
CONS_000914,AUD_000914,Opt-in,True,2025-08-07 17:15:02,2025-09-06 17:12:52
CONS_000915,AUD_000915,Opt-in,True,2024-02-13 17:16:42,2025-08-22 18:52:11
CONS_000916,AUD_000916,Opt-out,False,2024-01-13 09:34:00,2025-08-13 10:51:21
CONS_000917,AUD_000917,Opt-in,False,2024-07-18 05:03:56,2025-08-20 05:40:48
CONS_000918,AUD_000918,Opt-in,True,2025-05-25 18:01:50,2025-08-12 16:32:02
CONS_000919,AUD_000919,Opt-in,False,2024-04-18 18:18:40,2025-08-27 00:31:51
CONS_000920,AUD_000920,Opt-in,True,2023-12-24 10:55:37,2025-09-06 07:54:05
CONS_000921,AUD_000921,Opt-in,True,2024-05-04 18:04:07,2025-08-21 08:07:52
CONS_000922,AUD_000922,Pending,True,2025-08-14 06:12:25,2025-09-03 02:36:21
CONS_000923,AUD_000923,Opt-in,False,2025-05-27 02:07:08,2025-08-26 15:11:25
CONS_000924,AUD_000924,Opt-in,False,2024-05-01 04:14:29,2025-09-07 14:51:14
CONS_000925,AUD_000925,Opt-in,True,2024-03-23 04:13:40,2025-08-14 02:13:31
CONS_000926,AUD_000926,Opt-in,False,2025-02-20 12:31:28,2025-08-24 07:39:09
CONS_000927,AUD_000927,Opt-out,False,2025-03-06 07:11:46,2025-08-25 05:18:21
CONS_000928,AUD_000928,Opt-in,False,2024-01-06 08:50:00,2025-08-22 05:17:30
CONS_000929,AUD_000929,Opt-in,True,2024-03-08 20:04:59,2025-08-11 00:21:22
CONS_000930,AUD_000930,Opt-in,False,2024-05-10 05:50:53,2025-09-05 09:23:04
CONS_000931,AUD_000931,Expired,False,2024-11-05 01:58:52,2025-09-08 00:29:18
CONS_000932,AUD_000932,Opt-out,False,2024-09-08 01:17:21,2025-08-31 21:25:34
CONS_000933,AUD_000933,Opt-out,True,2023-12-04 10:58:59,2025-09-06 05:25:42
CONS_000934,AUD_000934,Pending,True,2024-11-24 01:28:29,2025-09-04 20:47:32
CONS_000935,AUD_000935,Opt-out,False,2024-11-08 11:34:09,2025-08-10 12:12:29
CONS_000936,AUD_000936,Opt-in,False,2024-10-31 06:56:59,2025-08-23 15:10:29
CONS_000937,AUD_000937,Opt-out,True,2024-01-06 18:04:55,2025-08-20 08:40:18
CONS_000938,AUD_000938,Pending,True,2025-01-09 03:12:58,2025-08-28 07:19:03
CONS_000939,AUD_000939,Opt-in,True,2025-03-18 01:00:58,2025-09-06 17:57:01
CONS_000940,AUD_000940,Opt-in,True,2025-02-16 03:01:44,2025-08-16 20:31:24
CONS_000941,AUD_000941,Opt-in,False,2025-02-08 05:00:27,2025-09-03 22:52:22
CONS_000942,AUD_000942,Opt-out,False,2023-12-20 08:51:25,2025-09-07 23:09:45
CONS_000943,AUD_000943,Opt-in,False,2025-07-31 20:45:50,2025-08-25 23:54:47
CONS_000944,AUD_000944,Opt-in,True,2023-12-14 19:34:54,2025-08-11 06:29:21
CONS_000945,AUD_000945,Opt-in,False,2025-01-15 08:08:17,2025-09-08 14:10:26
CONS_000946,AUD_000946,Pending,True,2023-12-17 18:30:08,2025-08-21 08:34:26
CONS_000947,AUD_000947,Opt-in,False,2025-02-23 17:54:39,2025-09-01 05:04:17
CONS_000948,AUD_000948,Opt-in,False,2023-10-20 01:26:39,2025-08-16 01:56:59
CONS_000949,AUD_000949,Opt-in,False,2023-10-07 22:01:31,2025-08-11 18:17:16
CONS_000950,AUD_000950,Opt-in,False,2025-03-18 22:56:09,2025-08-25 02:18:48
CONS_000951,AUD_000951,Opt-in,True,2025-04-24 08:03:50,2025-08-31 00:12:11
CONS_000952,AUD_000952,Opt-in,True,2024-08-15 07:37:12,2025-08-25 12:45:52
CONS_000953,AUD_000953,Opt-out,False,2025-06-01 20:56:54,2025-08-23 13:53:56
CONS_000954,AUD_000954,Opt-in,True,2025-01-21 10:53:50,2025-08-31 05:27:46
CONS_000955,AUD_000955,Opt-in,True,2025-02-18 12:29:31,2025-09-05 18:48:13
CONS_000956,AUD_000956,Opt-in,False,2025-01-09 14:12:29,2025-08-21 03:34:30
CONS_000957,AUD_000957,Opt-in,True,2024-03-01 06:56:10,2025-08-26 11:27:54
CONS_000958,AUD_000958,Opt-out,True,2025-07-16 04:03:14,2025-09-03 09:19:51
CONS_000959,AUD_000959,Opt-in,True,2025-07-14 21:18:12,2025-09-03 03:18:53
CONS_000960,AUD_000960,Opt-in,False,2025-04-26 08:43:49,2025-08-11 15:23:16
CONS_000961,AUD_000961,Opt-in,True,2023-09-23 02:01:02,2025-09-08 18:25:31
CONS_000962,AUD_000962,Opt-in,True,2024-02-29 22:01:37,2025-08-22 01:31:32
CONS_000963,AUD_000963,Opt-in,False,2023-11-09 07:05:09,2025-08-27 14:35:32
CONS_000964,AUD_000964,Pending,True,2025-04-12 05:30:34,2025-08-20 01:12:04
CONS_000965,AUD_000965,Opt-in,True,2024-08-11 09:14:08,2025-08-20 20:01:54
CONS_000966,AUD_000966,Pending,False,2025-06-07 20:39:02,2025-09-08 01:13:14
CONS_000967,AUD_000967,Opt-in,True,2025-06-07 23:49:43,2025-08-27 13:02:39
CONS_000968,AUD_000968,Opt-in,False,2025-07-19 06:14:49,2025-08-13 05:38:33
CONS_000969,AUD_000969,Opt-in,False,2025-04-01 01:23:10,2025-08-29 17:10:09
CONS_000970,AUD_000970,Opt-in,True,2024-01-10 16:31:25,2025-09-07 05:36:47
CONS_000971,AUD_000971,Opt-in,False,2025-07-28 23:05:28,2025-09-01 21:45:11
CONS_000972,AUD_000972,Expired,True,2025-01-07 03:41:57,2025-08-13 04:51:17
CONS_000973,AUD_000973,Opt-out,False,2024-02-02 13:56:26,2025-08-18 17:50:43
CONS_000974,AUD_000974,Opt-in,False,2025-06-04 23:07:35,2025-08-25 18:28:01
CONS_000975,AUD_000975,Pending,False,2023-10-21 19:27:27,2025-09-04 03:00:43
CONS_000976,AUD_000976,Expired,True,2025-07-06 22:27:31,2025-08-27 17:23:17
CONS_000977,AUD_000977,Pending,False,2025-09-03 17:14:19,2025-08-12 21:46:45
CONS_000978,AUD_000978,Pending,True,2025-01-23 18:32:41,2025-08-25 10:10:32
CONS_000979,AUD_000979,Opt-out,True,2024-11-27 18:38:52,2025-08-13 21:11:42
CONS_000980,AUD_000980,Opt-in,False,2024-06-26 20:04:13,2025-08-29 10:14:31
CONS_000981,AUD_000981,Opt-out,False,2025-02-25 14:37:40,2025-08-13 21:28:32
CONS_000982,AUD_000982,Pending,True,2024-01-03 08:00:01,2025-09-05 10:19:08
CONS_000983,AUD_000983,Opt-in,False,2025-07-15 22:32:02,2025-09-08 05:33:17
CONS_000984,AUD_000984,Opt-in,False,2024-07-05 19:25:35,2025-09-02 00:11:16
CONS_000985,AUD_000985,Pending,True,2023-12-21 08:40:43,2025-08-13 21:11:32
CONS_000986,AUD_000986,Opt-in,True,2025-03-26 12:47:46,2025-08-30 15:08:52
CONS_000987,AUD_000987,Pending,False,2023-12-04 01:26:04,2025-08-21 21:43:54
CONS_000988,AUD_000988,Opt-in,True,2023-11-25 17:12:34,2025-09-06 19:50:17
CONS_000989,AUD_000989,Opt-in,False,2023-10-10 23:30:15,2025-08-28 22:52:42
CONS_000990,AUD_000990,Opt-out,False,2023-10-03 17:27:53,2025-08-14 12:10:59
CONS_000991,AUD_000991,Opt-in,False,2024-05-17 18:33:46,2025-09-01 16:55:48
CONS_000992,AUD_000992,Opt-out,True,2024-09-30 17:04:19,2025-08-23 13:22:17
CONS_000993,AUD_000993,Opt-in,True,2024-03-09 23:02:19,2025-09-07 04:37:13
CONS_000994,AUD_000994,Opt-out,True,2025-03-08 13:44:14,2025-08-16 20:25:01
CONS_000995,AUD_000995,Opt-in,False,2024-04-11 18:21:32,2025-08-16 04:49:58
CONS_000996,AUD_000996,Opt-in,True,2024-06-14 00:50:29,2025-08-16 16:19:19
CONS_000997,AUD_000997,Opt-in,False,2023-09-20 05:11:58,2025-08-15 19:02:09
CONS_000998,AUD_000998,Opt-in,False,2024-12-28 09:14:58,2025-08-30 09:10:34
CONS_000999,AUD_000999,Opt-in,True,2024-04-17 11:56:33,2025-08-26 01:23:15
CONS_001000,AUD_001000,Opt-in,True,2023-12-28 15:49:17,2025-09-02 23:28:24
CONS_001001,AUD_001001,Pending,False,2024-01-17 00:11:45,2025-08-13 03:08:42
CONS_001002,AUD_001002,Opt-in,False,2023-09-27 00:08:31,2025-08-27 04:18:40
CONS_001003,AUD_001003,Opt-in,True,2024-06-24 14:52:59,2025-08-26 04:08:26
CONS_001004,AUD_001004,Opt-out,True,2025-07-14 10:28:07,2025-09-05 05:21:37
CONS_001005,AUD_001005,Opt-in,False,2024-11-04 05:19:06,2025-08-20 05:27:10
CONS_001006,AUD_001006,Pending,True,2023-12-17 17:03:53,2025-08-28 07:37:31
CONS_001007,AUD_001007,Opt-in,False,2024-06-10 14:22:50,2025-08-10 22:35:43
CONS_001008,AUD_001008,Opt-in,False,2025-05-03 09:24:21,2025-08-16 05:42:12
CONS_001009,AUD_001009,Opt-in,False,2025-05-20 15:29:21,2025-09-09 06:21:39
CONS_001010,AUD_001010,Pending,False,2024-05-22 21:50:26,2025-08-21 20:13:46
CONS_001011,AUD_001011,Opt-in,False,2025-04-09 20:09:55,2025-09-03 17:48:26
CONS_001012,AUD_001012,Opt-in,False,2025-02-28 16:41:57,2025-08-10 11:09:45
CONS_001013,AUD_001013,Opt-in,True,2025-07-20 20:08:59,2025-08-31 21:33:27
CONS_001014,AUD_001014,Opt-in,True,2024-10-29 16:52:36,2025-08-20 18:50:40
CONS_001015,AUD_001015,Opt-in,False,2025-04-01 06:11:16,2025-08-27 22:21:47
CONS_001016,AUD_001016,Pending,True,2025-05-03 13:52:53,2025-09-02 17:15:14
CONS_001017,AUD_001017,Pending,False,2024-02-24 11:57:24,2025-08-24 00:57:41
CONS_001018,AUD_001018,Opt-in,True,2023-12-22 23:59:35,2025-08-16 03:37:02
CONS_001019,AUD_001019,Opt-in,True,2025-07-24 02:25:51,2025-08-26 22:03:11
CONS_001020,AUD_001020,Opt-in,False,2024-10-08 08:45:13,2025-08-22 01:10:41
CONS_001021,AUD_001021,Opt-in,True,2025-03-20 02:32:11,2025-08-14 08:06:46
CONS_001022,AUD_001022,Opt-in,False,2025-05-20 06:11:11,2025-08-18 05:00:36
CONS_001023,AUD_001023,Pending,True,2023-11-04 03:22:45,2025-09-01 16:58:38
CONS_001024,AUD_001024,Pending,True,2024-01-02 10:22:51,2025-08-14 15:40:54
CONS_001025,AUD_001025,Opt-in,False,2024-08-27 04:19:40,2025-08-12 01:01:11
CONS_001026,AUD_001026,Opt-out,False,2023-12-09 07:12:35,2025-08-28 20:32:00
CONS_001027,AUD_001027,Opt-in,True,2024-08-25 07:47:33,2025-08-27 03:41:35
CONS_001028,AUD_001028,Opt-in,True,2024-03-31 07:37:11,2025-08-15 10:02:45
CONS_001029,AUD_001029,Opt-in,True,2024-12-05 14:35:41,2025-08-23 17:18:54
CONS_001030,AUD_001030,Expired,False,2025-02-18 03:47:05,2025-08-12 23:44:30
CONS_001031,AUD_001031,Opt-in,True,2024-07-17 13:16:37,2025-08-28 03:39:28
CONS_001032,AUD_001032,Pending,True,2024-07-07 10:29:22,2025-08-14 07:51:49
CONS_001033,AUD_001033,Opt-in,True,2025-05-30 05:39:49,2025-08-26 08:37:36
CONS_001034,AUD_001034,Opt-in,False,2025-07-31 09:20:36,2025-08-13 15:20:28
CONS_001035,AUD_001035,Opt-out,True,2024-04-30 14:46:36,2025-09-08 00:22:16
CONS_001036,AUD_001036,Opt-in,False,2024-01-04 04:55:03,2025-09-05 18:51:19
CONS_001037,AUD_001037,Opt-out,True,2024-12-14 14:15:55,2025-08-10 15:43:42
CONS_001038,AUD_001038,Opt-in,True,2025-02-03 07:18:51,2025-09-05 10:07:11
CONS_001039,AUD_001039,Expired,True,2023-10-04 01:37:21,2025-08-12 04:29:57
CONS_001040,AUD_001040,Expired,False,2023-09-22 17:39:44,2025-08-21 07:46:02
CONS_001041,AUD_001041,Opt-out,False,2025-07-02 03:33:33,2025-09-08 03:01:00
CONS_001042,AUD_001042,Opt-in,False,2024-10-26 11:03:22,2025-09-02 11:31:47
CONS_001043,AUD_001043,Opt-in,True,2024-08-05 00:05:26,2025-08-23 02:58:08
CONS_001044,AUD_001044,Opt-in,True,2025-04-06 19:42:07,2025-08-29 02:45:55
CONS_001045,AUD_001045,Opt-in,True,2024-06-07 04:13:50,2025-08-28 03:09:40
CONS_001046,AUD_001046,Opt-in,True,2025-03-31 15:29:45,2025-08-20 20:51:21
CONS_001047,AUD_001047,Opt-in,False,2024-04-05 12:14:12,2025-09-04 17:35:47
CONS_001048,AUD_001048,Opt-in,True,2025-07-31 20:09:57,2025-08-17 23:11:42
CONS_001049,AUD_001049,Opt-in,True,2025-05-16 18:43:56,2025-08-14 12:48:40
CONS_001050,AUD_001050,Opt-in,True,2025-04-23 19:00:40,2025-08-24 06:43:47
CONS_001051,AUD_001051,Opt-in,True,2023-09-12 10:08:16,2025-08-11 18:02:30
CONS_001052,AUD_001052,Pending,True,2023-10-23 18:56:02,2025-08-13 23:35:58
CONS_001053,AUD_001053,Expired,True,2025-04-04 10:57:19,2025-08-14 02:34:16
CONS_001054,AUD_001054,Opt-in,True,2024-02-08 16:45:27,2025-09-03 14:39:44
CONS_001055,AUD_001055,Opt-out,False,2025-03-01 04:57:36,2025-08-22 19:19:30
CONS_001056,AUD_001056,Opt-in,False,2024-02-25 05:15:40,2025-08-23 21:47:14
CONS_001057,AUD_001057,Opt-out,False,2024-03-30 00:46:15,2025-09-07 17:23:01
CONS_001058,AUD_001058,Opt-in,False,2024-09-01 09:16:33,2025-08-23 03:24:45
CONS_001059,AUD_001059,Pending,True,2023-10-11 13:02:07,2025-08-10 19:43:32
CONS_001060,AUD_001060,Opt-out,False,2023-11-20 13:13:01,2025-09-01 05:32:31
CONS_001061,AUD_001061,Pending,False,2024-06-03 18:51:56,2025-08-13 15:36:08
CONS_001062,AUD_001062,Opt-in,False,2024-11-16 03:12:24,2025-09-05 11:32:39
CONS_001063,AUD_001063,Pending,False,2023-11-28 09:36:53,2025-08-20 17:01:49
CONS_001064,AUD_001064,Opt-in,True,2023-10-24 19:31:53,2025-08-12 23:03:57
CONS_001065,AUD_001065,Opt-in,False,2024-09-15 12:47:37,2025-08-22 16:27:19
CONS_001066,AUD_001066,Opt-in,True,2023-11-23 15:28:08,2025-08-12 01:04:06
CONS_001067,AUD_001067,Opt-in,False,2025-02-11 15:23:49,2025-08-20 09:24:47
CONS_001068,AUD_001068,Opt-in,False,2025-08-17 15:12:58,2025-09-03 19:37:50
CONS_001069,AUD_001069,Opt-in,True,2024-04-07 11:13:12,2025-09-08 12:39:02
CONS_001070,AUD_001070,Opt-in,True,2025-08-06 18:22:55,2025-08-25 04:32:11
CONS_001071,AUD_001071,Opt-in,False,2024-02-03 01:25:01,2025-08-22 10:43:01
CONS_001072,AUD_001072,Opt-in,True,2023-12-02 19:09:33,2025-08-16 07:47:28
CONS_001073,AUD_001073,Pending,False,2023-09-23 03:38:22,2025-08-23 11:32:31
CONS_001074,AUD_001074,Opt-in,False,2024-05-22 03:35:19,2025-09-05 05:02:38
CONS_001075,AUD_001075,Expired,True,2025-01-16 04:12:26,2025-08-23 19:58:58
CONS_001076,AUD_001076,Opt-in,True,2025-02-04 21:58:36,2025-08-28 07:30:29
CONS_001077,AUD_001077,Opt-in,True,2024-09-06 15:14:37,2025-08-16 13:33:26
CONS_001078,AUD_001078,Expired,False,2024-10-24 03:30:37,2025-08-20 10:34:54
CONS_001079,AUD_001079,Opt-out,True,2025-09-09 06:02:44,2025-09-03 12:54:11
CONS_001080,AUD_001080,Opt-in,False,2025-03-30 15:23:50,2025-08-28 15:17:09
CONS_001081,AUD_001081,Expired,True,2024-01-02 17:37:57,2025-09-03 17:22:34
CONS_001082,AUD_001082,Opt-in,True,2025-07-26 17:00:18,2025-09-07 02:05:26
CONS_001083,AUD_001083,Pending,False,2025-05-14 09:49:36,2025-09-06 02:48:39
CONS_001084,AUD_001084,Opt-in,True,2024-07-25 07:09:49,2025-08-14 21:29:25
CONS_001085,AUD_001085,Pending,True,2024-05-25 06:55:40,2025-08-12 08:24:23
CONS_001086,AUD_001086,Pending,True,2024-03-04 00:40:15,2025-08-14 13:47:33
CONS_001087,AUD_001087,Opt-in,True,2025-05-25 15:57:58,2025-08-10 23:56:19
CONS_001088,AUD_001088,Opt-in,True,2023-10-22 11:05:23,2025-08-18 09:47:45
CONS_001089,AUD_001089,Opt-out,False,2024-07-09 05:38:21,2025-08-13 10:23:35
CONS_001090,AUD_001090,Opt-in,False,2025-08-14 22:29:27,2025-08-29 05:35:45
CONS_001091,AUD_001091,Opt-in,True,2023-09-28 15:06:20,2025-08-12 11:05:48
CONS_001092,AUD_001092,Opt-in,False,2023-12-04 10:59:38,2025-08-23 20:03:48
CONS_001093,AUD_001093,Opt-in,True,2024-08-29 22:55:30,2025-08-24 10:46:15
CONS_001094,AUD_001094,Opt-in,True,2025-07-08 14:18:56,2025-08-11 13:09:55
CONS_001095,AUD_001095,Pending,False,2025-03-10 05:08:59,2025-08-18 07:24:45
CONS_001096,AUD_001096,Opt-in,False,2024-02-29 16:09:04,2025-09-02 11:25:44
CONS_001097,AUD_001097,Opt-in,True,2024-10-17 09:55:10,2025-09-04 01:04:00
CONS_001098,AUD_001098,Opt-out,False,2024-10-25 08:38:41,2025-08-31 10:13:30
CONS_001099,AUD_001099,Opt-in,True,2025-02-07 21:48:09,2025-08-31 07:42:29
CONS_001100,AUD_001100,Pending,True,2024-11-02 13:42:39,2025-08-19 21:06:23
CONS_001101,AUD_001101,Opt-in,True,2025-01-09 20:32:47,2025-08-31 15:50:15
CONS_001102,AUD_001102,Opt-in,False,2024-04-28 14:15:34,2025-08-15 14:11:58
CONS_001103,AUD_001103,Pending,False,2024-03-14 23:00:45,2025-08-28 16:38:39
CONS_001104,AUD_001104,Opt-in,True,2023-10-08 02:14:32,2025-08-28 02:49:03
CONS_001105,AUD_001105,Opt-in,False,2024-12-25 10:25:31,2025-08-28 08:47:05
CONS_001106,AUD_001106,Opt-out,True,2024-09-07 04:03:46,2025-09-06 19:19:38
CONS_001107,AUD_001107,Expired,False,2025-04-04 06:08:30,2025-08-26 07:17:17
CONS_001108,AUD_001108,Opt-in,True,2024-09-04 04:33:24,2025-08-17 03:19:22
CONS_001109,AUD_001109,Opt-in,False,2023-10-27 23:09:05,2025-08-24 07:48:40
CONS_001110,AUD_001110,Opt-in,True,2024-07-26 21:51:24,2025-08-14 00:52:22
CONS_001111,AUD_001111,Expired,True,2024-07-09 01:38:56,2025-08-28 12:25:24
CONS_001112,AUD_001112,Opt-in,True,2025-03-10 20:38:21,2025-08-13 11:45:09
CONS_001113,AUD_001113,Opt-out,True,2025-07-04 07:45:35,2025-09-08 02:11:53
CONS_001114,AUD_001114,Opt-in,False,2023-12-27 18:56:21,2025-08-24 23:26:26
CONS_001115,AUD_001115,Opt-in,False,2025-08-05 18:53:06,2025-08-24 23:29:17
CONS_001116,AUD_001116,Opt-in,False,2024-10-31 06:30:23,2025-08-17 21:00:24
CONS_001117,AUD_001117,Opt-in,False,2025-05-08 23:55:44,2025-09-02 07:03:11
CONS_001118,AUD_001118,Opt-in,False,2024-07-25 08:39:01,2025-08-16 18:08:46
CONS_001119,AUD_001119,Opt-in,True,2025-01-25 07:31:25,2025-08-25 21:21:07
CONS_001120,AUD_001120,Opt-in,True,2024-11-14 20:09:21,2025-08-19 02:25:44
CONS_001121,AUD_001121,Opt-in,False,2024-10-29 09:44:11,2025-08-13 20:18:30
CONS_001122,AUD_001122,Opt-in,False,2024-11-29 03:02:29,2025-09-03 15:19:20
CONS_001123,AUD_001123,Opt-in,False,2023-10-29 08:02:08,2025-09-04 02:30:21
CONS_001124,AUD_001124,Opt-in,False,2024-03-21 05:32:42,2025-09-05 22:20:19
CONS_001125,AUD_001125,Opt-in,True,2025-05-21 13:21:43,2025-09-08 02:24:57
CONS_001126,AUD_001126,Opt-out,True,2023-12-21 07:28:45,2025-08-16 20:35:57
CONS_001127,AUD_001127,Opt-in,True,2023-10-17 15:27:22,2025-08-24 06:00:24
CONS_001128,AUD_001128,Opt-in,False,2025-07-01 09:41:32,2025-09-04 18:08:00
CONS_001129,AUD_001129,Opt-in,False,2023-11-26 13:58:56,2025-08-22 18:00:25
CONS_001130,AUD_001130,Opt-in,True,2025-05-16 09:04:24,2025-08-30 06:01:01
CONS_001131,AUD_001131,Opt-in,True,2025-01-03 16:34:31,2025-08-29 08:27:59
CONS_001132,AUD_001132,Opt-in,False,2025-01-04 13:11:01,2025-08-18 05:06:23
CONS_001133,AUD_001133,Opt-in,False,2025-05-22 15:36:14,2025-09-06 11:40:01
CONS_001134,AUD_001134,Opt-in,True,2024-10-12 19:46:18,2025-09-08 15:00:18
CONS_001135,AUD_001135,Opt-in,True,2023-11-10 12:29:32,2025-08-21 12:13:27
CONS_001136,AUD_001136,Opt-in,False,2025-02-03 18:06:23,2025-08-28 21:13:24
CONS_001137,AUD_001137,Opt-in,False,2024-09-18 21:14:54,2025-08-25 13:28:53
CONS_001138,AUD_001138,Opt-in,True,2025-09-04 08:31:53,2025-08-27 23:15:57
CONS_001139,AUD_001139,Opt-in,False,2025-06-29 00:51:26,2025-09-06 08:26:04
CONS_001140,AUD_001140,Expired,False,2023-11-10 09:12:24,2025-08-23 18:16:54
CONS_001141,AUD_001141,Opt-in,True,2023-09-26 18:57:04,2025-09-04 12:23:40
CONS_001142,AUD_001142,Opt-in,False,2024-09-12 02:12:44,2025-08-28 01:22:44
CONS_001143,AUD_001143,Opt-in,True,2024-04-08 22:59:04,2025-08-30 06:32:34
CONS_001144,AUD_001144,Opt-in,False,2023-10-02 17:15:35,2025-09-04 00:55:25
CONS_001145,AUD_001145,Expired,True,2023-10-31 23:20:57,2025-08-26 19:50:16
CONS_001146,AUD_001146,Expired,False,2024-06-27 16:46:54,2025-08-18 05:29:54
CONS_001147,AUD_001147,Opt-in,False,2024-10-05 01:17:38,2025-08-15 05:59:18
CONS_001148,AUD_001148,Expired,True,2023-12-07 04:55:41,2025-09-07 19:58:15
CONS_001149,AUD_001149,Opt-in,True,2025-06-16 08:09:55,2025-08-26 02:04:26
CONS_001150,AUD_001150,Expired,True,2025-03-01 18:19:08,2025-08-17 10:07:55
CONS_001151,AUD_001151,Pending,False,2025-08-27 21:54:35,2025-09-08 14:29:11
CONS_001152,AUD_001152,Opt-in,False,2024-06-09 07:14:10,2025-09-07 09:40:40
CONS_001153,AUD_001153,Pending,False,2024-10-07 23:18:01,2025-08-12 06:42:25
CONS_001154,AUD_001154,Opt-in,True,2023-09-29 04:24:47,2025-08-26 15:08:28
CONS_001155,AUD_001155,Opt-in,False,2024-07-12 03:25:52,2025-08-20 00:48:55
CONS_001156,AUD_001156,Opt-in,False,2025-01-09 00:49:29,2025-09-04 07:00:59
CONS_001157,AUD_001157,Opt-in,True,2024-01-19 16:53:37,2025-08-16 02:17:27
CONS_001158,AUD_001158,Opt-in,True,2024-10-25 17:33:01,2025-08-19 09:57:10
CONS_001159,AUD_001159,Opt-in,True,2024-06-30 18:51:13,2025-09-02 08:47:29
CONS_001160,AUD_001160,Opt-out,True,2025-01-10 01:20:52,2025-09-07 10:51:35
CONS_001161,AUD_001161,Opt-in,False,2024-09-17 09:12:38,2025-08-25 10:02:43
CONS_001162,AUD_001162,Opt-in,False,2025-04-28 22:36:12,2025-08-18 12:58:20
CONS_001163,AUD_001163,Opt-in,True,2024-01-09 03:11:41,2025-08-30 12:58:10
CONS_001164,AUD_001164,Opt-out,False,2024-10-23 00:01:20,2025-08-25 13:38:49
CONS_001165,AUD_001165,Opt-in,False,2024-08-13 16:19:24,2025-09-01 23:49:31
CONS_001166,AUD_001166,Expired,True,2024-11-05 19:16:28,2025-09-09 09:35:14
CONS_001167,AUD_001167,Opt-in,True,2025-07-20 11:38:22,2025-08-24 17:48:37
CONS_001168,AUD_001168,Opt-in,True,2024-12-17 06:16:50,2025-08-18 10:36:34
CONS_001169,AUD_001169,Opt-in,True,2024-11-13 06:46:44,2025-08-17 07:23:44
CONS_001170,AUD_001170,Expired,True,2023-12-05 12:07:32,2025-09-06 13:40:20
CONS_001171,AUD_001171,Opt-in,False,2023-11-13 23:41:19,2025-08-27 20:34:28
CONS_001172,AUD_001172,Opt-in,True,2023-12-01 13:09:00,2025-08-23 05:49:13
CONS_001173,AUD_001173,Opt-out,False,2024-09-05 07:22:50,2025-08-26 23:36:12
CONS_001174,AUD_001174,Opt-out,True,2024-03-09 13:11:11,2025-08-25 01:16:39
CONS_001175,AUD_001175,Opt-out,False,2025-01-14 14:07:28,2025-09-03 16:22:41
CONS_001176,AUD_001176,Opt-in,False,2024-10-18 06:32:09,2025-08-17 03:38:48
CONS_001177,AUD_001177,Opt-in,False,2025-02-19 02:52:22,2025-08-21 01:11:00
CONS_001178,AUD_001178,Pending,True,2025-04-01 02:53:25,2025-08-24 05:38:42
CONS_001179,AUD_001179,Opt-in,False,2025-04-14 20:51:11,2025-09-03 13:44:13
CONS_001180,AUD_001180,Opt-in,False,2025-01-11 13:10:17,2025-08-22 08:56:48
CONS_001181,AUD_001181,Opt-in,True,2024-04-11 05:00:09,2025-08-11 18:47:36
CONS_001182,AUD_001182,Opt-in,False,2024-11-24 21:26:12,2025-08-23 01:50:53
CONS_001183,AUD_001183,Opt-in,True,2024-12-20 09:00:39,2025-09-04 11:32:06
CONS_001184,AUD_001184,Opt-in,True,2024-06-11 03:18:16,2025-08-26 19:58:03
CONS_001185,AUD_001185,Opt-in,False,2025-02-17 06:53:28,2025-09-07 11:52:24
CONS_001186,AUD_001186,Opt-in,False,2024-07-19 19:45:11,2025-08-18 09:32:13
CONS_001187,AUD_001187,Opt-out,False,2024-09-17 23:16:03,2025-08-14 23:29:20
CONS_001188,AUD_001188,Opt-in,False,2024-07-30 12:12:51,2025-08-15 00:23:46
CONS_001189,AUD_001189,Opt-in,True,2024-05-14 04:20:47,2025-08-22 00:08:46
CONS_001190,AUD_001190,Opt-in,True,2024-01-05 02:05:44,2025-09-07 10:20:00
CONS_001191,AUD_001191,Opt-in,True,2024-11-06 19:49:37,2025-08-17 17:20:47
CONS_001192,AUD_001192,Opt-in,False,2024-12-13 13:24:42,2025-08-18 16:25:45
CONS_001193,AUD_001193,Opt-in,True,2024-10-13 12:39:54,2025-08-10 10:31:11
CONS_001194,AUD_001194,Opt-out,True,2025-08-16 19:41:52,2025-09-08 05:35:01
CONS_001195,AUD_001195,Opt-out,False,2025-03-31 20:29:18,2025-08-18 09:44:02
CONS_001196,AUD_001196,Opt-in,False,2024-06-28 12:33:35,2025-08-31 07:53:16
CONS_001197,AUD_001197,Opt-in,False,2024-02-23 19:59:34,2025-08-11 15:51:21
CONS_001198,AUD_001198,Opt-in,False,2024-07-24 15:23:06,2025-09-08 23:28:54
CONS_001199,AUD_001199,Opt-in,True,2024-06-24 21:58:32,2025-08-14 23:14:11
CONS_001200,AUD_001200,Opt-in,False,2025-08-31 07:40:36,2025-08-26 05:51:48
